1,2	1,3	1,4	1,5	1,6	1,7	1,8	1,9	1,10	1,11	1,12	1,13	1,14	1,15	1,16	1,17	1,18	1,19	1,20	2,3	2,4	2,5	2,6	2,7	2,8	2,9	2,10	2,11	2,12	2,13	2,14	2,15	2,16	2,17	2,18	2,19	2,20	3,4	3,5	3,6	3,7	3,8	3,9	3,10	3,11	3,12	3,13	3,14	3,15	3,16	3,17	3,18	3,19	3,20	4,5	4,6	4,7	4,8	4,9	4,10	4,11	4,12	4,13	4,14	4,15	4,16	4,17	4,18	4,19	4,20	5,6	5,7	5,8	5,9	5,10	5,11	5,12	5,13	5,14	5,15	5,16	5,17	5,18	5,19	5,20	6,7	6,8	6,9	6,10	6,11	6,12	6,13	6,14	6,15	6,16	6,17	6,18	6,19	6,20	7,8	7,9	7,10	7,11	7,12	7,13	7,14	7,15	7,16	7,17	7,18	7,19	7,20	8,9	8,10	8,11	8,12	8,13	8,14	8,15	8,16	8,17	8,18	8,19	8,20	9,10	9,11	9,12	9,13	9,14	9,15	9,16	9,17	9,18	9,19	9,20	10,11	10,12	10,13	10,14	10,15	10,16	10,17	10,18	10,19	10,20	11,12	11,13	11,14	11,15	11,16	11,17	11,18	11,19	11,20	12,13	12,14	12,15	12,16	12,17	12,18	12,19	12,20	13,14	13,15	13,16	13,17	13,18	13,19	13,20	14,15	14,16	14,17	14,18	14,19	14,20	15,16	15,17	15,18	15,19	15,20	16,17	16,18	16,19	16,20	17,18	17,19	17,20	18,19	18,20	19,20	2,1	3,1	4,1	5,1	6,1	7,1	8,1	9,1	10,1	11,1	12,1	13,1	14,1	15,1	16,1	17,1	18,1	19,1	20,1	3,2	4,2	5,2	6,2	7,2	8,2	9,2	10,2	11,2	12,2	13,2	14,2	15,2	16,2	17,2	18,2	19,2	20,2	4,3	5,3	6,3	7,3	8,3	9,3	10,3	11,3	12,3	13,3	14,3	15,3	16,3	17,3	18,3	19,3	20,3	5,4	6,4	7,4	8,4	9,4	10,4	11,4	12,4	13,4	14,4	15,4	16,4	17,4	18,4	19,4	20,4	6,5	7,5	8,5	9,5	10,5	11,5	12,5	13,5	14,5	15,5	16,5	17,5	18,5	19,5	20,5	7,6	8,6	9,6	10,6	11,6	12,6	13,6	14,6	15,6	16,6	17,6	18,6	19,6	20,6	8,7	9,7	10,7	11,7	12,7	13,7	14,7	15,7	16,7	17,7	18,7	19,7	20,7	9,8	10,8	11,8	12,8	13,8	14,8	15,8	16,8	17,8	18,8	19,8	20,8	10,9	11,9	12,9	13,9	14,9	15,9	16,9	17,9	18,9	19,9	20,9	11,10	12,10	13,10	14,10	15,10	16,10	17,10	18,10	19,10	20,10	12,11	13,11	14,11	15,11	16,11	17,11	18,11	19,11	20,11	13,12	14,12	15,12	16,12	17,12	18,12	19,12	20,12	14,13	15,13	16,13	17,13	18,13	19,13	20,13	15,14	16,14	17,14	18,14	19,14	20,14	16,15	17,15	18,15	19,15	20,15	17,16	18,16	19,16	20,16	18,17	19,17	20,17	19,18	20,18	20,19
rep1	NA	NA	NA	NA	NA	NA	NA	NA	NA	NA	NA	NA	NA	NA	NA	NA	8000	7207.42693939244	8000	7238.80459194702	7130.25247200418	6891.51413725161	NA	6197.03044123968	7389.20984073066	7912.90696601437	7020.18992544418	8000	8000	NA	8000	6522.79267657752	7861.87807548071	7358.94915973174	7000.89723476198	7295.25913025507	7468.61755705357	6871.0077075745	7618.00691114512	NA	7406.4698988605	7454.58830576721	7205.24488265792	7339.24028472002	8000	7551.55816505581	NA	8000	6890.711680695	8000	NA	7124.52449734128	7363.46448867529	8000	7189.73061341412	NA	8000	6473.85835642182	7952.7315392273	7126.88334937099	7309.37514651364	5767.62434420427	NA	6269.67881110322	7910.52972246161	7817.86166552327	NA	6676.44743994217	7437.51366663411	7821.05162611573	NA	7173.03637760926	7093.82631898944	6791.0527882442	7761.65760072657	7519.62235585498	7547.21981098805	NA	7433.06740898012	8000	7669.60909275295	NA	8000	7075.73985595431	7266.73805004475	7047.67004318021	NA	NA	NA	NA	NA	NA	NA	NA	NA	NA	NA	NA	7973.24511200808	7191.32318866473	2975.80163347224	8000	3038.02541031761	6930.62450001113	NA	8000	7738.5040160803	4701.02628422067	NA	5473.78326431783	6564.03153219052	5145.85887361892	6786.45312448488	7395.10800390552	8000	7247.27002427253	NA	7992.34213041525	6843.82813406551	6920.03717016003	NA	6743.25687118194	6684.14293228086	7227.93933576332	7318.32280495851	5828.32519791299	6447.48309030861	8000	7012.91037150759	7191.26697043487	3353.71542003528	8000	6884.34120989827	6930.77385886317	7192.81910057222	8000	7318.33562995159	NA	7517.83422683471	7664.72848301766	7683.43763955912	NA	7456.87727842635	7506.78912290802	8000	8000	3531.58440700185	8000	5420.09640862807	3912.36767885986	7377.85351416566	8000	7319.18655742889	2626.01306587089	6180.71336036874	7293.05719291571	8000	7624.14183900975	NA	7546.44903182415	6960.90745361717	7283.57256479758	NA	6180.5961865469	8000	NA	NA	3638.930521589	4695.53158047958	8000	8000	NA	7715.57008645959	8000	8000	7595.84475250777	NA	7425.04286377451	5779.28457133489	8000	NA	6084.72009363693	5484.77545998989	4149.91748565994	NA	NA	6613.24623633591	7276.23007275882	7655.35799255928	7801.38843701995	NA	NA	NA	NA	NA	NA	NA	NA	NA	NA	NA	NA	NA	NA	NA	NA	6820.44281852636	7576.29807136075	7748.57572762983	7520.24144586301	6605.18350031634	7377.89090233692	NA	7558.16512644173	7194.15489353995	7456.2796076221	6860.94840683684	7923.78283168178	7261.00080728436	NA	7492.5521927337	7902.05651877831	7074.55769059312	8000	7510.38686255144	7168.2308561851	7138.29919922853	7187.76594515841	7380.58402695663	NA	8000	7384.94661374916	6592.13715500528	7265.51203429329	8000	7490.95356172292	NA	8000	7585.07932966274	6649.08451468697	NA	7427.22056114463	5895.24718943999	6996.32270971784	7438.21299903404	NA	7299.177167294	7264.21666674678	6855.70732943675	8000	1538.45651249999	5631.64976966911	NA	8000	7585.05265309227	5989.16795937292	NA	6575.85304303603	6537.51036147425	6295.76259130809	NA	8000	7143.53500210526	7189.17260159848	8000	8000	7581.40489936818	NA	7445.07065560855	7378.93862455955	6481.1137884683	NA	7813.55358154291	7373.46408325875	6629.03404852039	8000	NA	NA	NA	8000	NA	NA	NA	NA	NA	NA	NA	NA	7900.89954412455	5834.84293819875	4446.94951105903	7211.16337923635	2557.38150203924	5938.69283831845	NA	8000	8000	3601.80321049146	NA	6131.64175096572	5504.24458296235	4839.81138476602	6549.68485122872	8000	8000	7033.45613889055	NA	7574.98839708432	7920.61595116605	4991.34263474588	NA	6822.51091476223	6244.19020692906	6396.45305680161	8000	4432.24147509531	7479.64447070281	8000	7736.36446292789	7794.70478732734	4812.6333453642	NA	7440.02537999027	6728.52650328609	6189.56351495799	8000	7956.12245642523	NA	7339.24028472006	7623.06495122745	6427.05930209972	NA	7671.30162647828	7624.63985239222	6747.36252387229	8000	8000	NA	8000	4588.95419631407	7400.53853093353	NA	8000	6984.9014059554	7772.09472112467	7571.97141751433	7362.99961311854	4499.93065220935	NA	6647.85269902326	5775.88216721091	7410.31161410444	NA	6942.74445951846	8000	NA	NA	8000	5302.69356436792	7591.53620296937	7011.82887956812	NA	7502.89613284187	7455.06926013787	6842.74232251006	7073.69761434015	NA	7463.00045399889	7559.73138459695	7486.86042143666	NA	7941.08934109006	7624.24293636759	4507.9067094858	NA	NA	8000	6729.67137305265	6781.84568177518	6217.70644566751
rep2	NA	NA	NA	NA	NA	NA	NA	NA	NA	NA	NA	NA	NA	NA	NA	NA	6979.48109868915	7723.16056661332	8000	7463.24907583823	7361.82179236472	7943.14978145369	NA	7120.17995500637	7632.51063108959	8000	7499.29370324406	7548.6068574406	6948.03674420459	NA	8000	7565.02699548	7979.26752887086	7153.24045711271	7731.39840340704	7623.80309853917	7639.85969095342	6733.88344058264	7587.47117405485	NA	8000	7312.34218566874	7692.97976562086	6265.69791174322	8000	7230.06301569421	NA	8000	6754.60221745751	7681.79008439665	NA	7496.63709164768	7449.10621117127	8000	7678.36168288725	NA	8000	7257.76954807811	8000	7709.16768446471	8000	7103.73425771726	NA	8000	7031.62272438324	8000	NA	7427.99177401775	7151.10945040585	7564.274506594	NA	7339.24028472009	7464.68191301188	7513.59088689129	7576.11756065253	8000	7279.8863313045	NA	7372.20928770626	7448.92859365168	8000	NA	6884.23220885845	7384.25513715165	7442.16582466776	8000	NA	NA	NA	NA	NA	NA	NA	NA	NA	NA	NA	NA	8000	5952.59219129366	3254.0061184787	6799.35813070607	2613.11589067468	7099.45608761349	NA	8000	8000	4408.78522163737	8000	7257.16867067656	6232.39484949876	5491.35661200887	7012.98163185613	7440.49112800127	NA	6693.39795659066	NA	7551.97904786754	7373.46513776728	7211.79053676066	NA	6343.12162733281	6191.09477601872	7341.33608947253	7373.05725284387	5948.01995317716	6772.63747496274	8000	6896.67409253112	7257.13383432811	3076.62695129683	8000	6938.3346497226	5968.72672172047	6743.41327636482	NA	6723.05194404685	NA	7197.68438835514	7664.72848301764	8000	NA	7426.26248285642	8000	7703.260666542	8000	3894.7891287391	NA	6351.85878231815	4627.86193633106	6990.66467764259	8000	7798.93757385322	2069.46291054765	5902.11708829473	6506.77167364614	7963.96272777098	6815.84381266365	NA	7408.45144117902	7305.7267216456	7565.18329918206	NA	7193.15523794402	8000	NA	NA	8000	4549.53647247102	7597.98449953059	8000	NA	7446.82931064851	8000	8000	7820.33283469334	NA	7500.44242631708	7756.01036482135	7402.3864860379	NA	6519.30609875852	4762.95699908084	4588.16565479465	NA	NA	8000	6228.41675959186	6539.05008919244	7534.46816362822	NA	NA	NA	NA	NA	NA	NA	NA	NA	NA	NA	NA	NA	NA	NA	NA	8000	7590.71756433102	7861.00167787422	7519.57680882252	8000	7636.08681145348	NA	5964.65321576141	7131.53438732242	7599.54611643043	8000	6599.36901903543	7556.12820470997	NA	8000	7381.33405929417	6233.42925537164	8000	7106.56946625926	7532.99318376314	6578.42025422764	7139.00288325313	7525.83640239391	NA	6580.52500671654	6909.72217709569	7323.63941326259	7379.93994694482	8000	6830.68939262811	NA	8000	6946.53227033492	6804.54308850528	NA	7318.24193375824	6798.55091376603	6399.22441174501	6620.35829360989	NA	8000	6452.80711271604	6643.78885668663	7738.45451571966	1234.02649694379	6291.13700483591	NA	8000	7487.92293689194	6618.13257530708	NA	6479.73544298953	6829.41578398663	6516.48355206752	NA	8000	7003.57115558612	5397.86522163125	8000	3009.42175387677	6476.84939447097	NA	7658.31538281427	8000	6848.91771200853	NA	6658.85845136813	8000	7295.09692630691	7437.15146029722	NA	NA	NA	8000	NA	NA	NA	NA	NA	NA	NA	NA	8000	6005.56157270064	4411.34525297491	8000	2206.0428585762	6496.10451830396	NA	8000	6693.06404573003	3941.80940014297	NA	5646.45570965131	5307.13308450466	3928.85156748388	5311.24459146443	7734.94402214105	8000	7099.10145419867	NA	7292.88826475201	8000	5805.58994010921	NA	6807.75335345318	6625.44497937853	6134.66963464187	8000	3996.54395021497	7620.36172328959	8000	8000	7747.58835948829	3873.23094018781	NA	6867.55621629833	6163.40534731271	4752.95044793708	8000	7762.76330384036	NA	7126.88334937106	7494.14517715843	6310.06826556617	NA	7591.07901139414	7374.36187114065	6779.2756793325	NA	8000	NA	8000	5713.89869690592	6982.43405586369	NA	8000	7141.02087542055	7841.15523091158	7635.31014347107	6213.88868090044	4458.9607830597	NA	7051.70136317993	7535.66818097069	6001.7575531068	NA	7264.65423576422	NA	NA	NA	8000	5290.00637914195	7511.76493038232	7098.28592748602	NA	7939.21105593067	7398.03888734688	6852.95237282919	7139.71848804475	NA	7356.72525695769	7406.98043637798	7231.88217343466	NA	7788.15280472471	7138.68000685783	6269.52471055377	NA	NA	7610.49988426161	6378.27271935045	6571.18064421748	5671.18997717624
rep3	NA	NA	NA	NA	NA	NA	NA	NA	NA	NA	NA	NA	NA	NA	NA	NA	7490.80980392536	7422.7871122439	8000	8000	7463.28978979514	7963.10015131489	NA	7541.05321014083	7576.25312234863	6450.03106939657	7738.5040160803	7554.18508564964	6682.19364412909	NA	8000	7870.81808874893	7608.6362502885	8000	8000	7420.11456218927	7521.74192612417	7407.47350888208	8000	NA	8000	7850.65369412757	6849.97229813197	8000	8000	7738.77649312964	NA	8000	7702.83585639657	8000	NA	7130.57564136885	7667.93190620202	7241.8218411237	7495.57618190253	NA	6661.05589265258	7391.98460089635	7254.67715109249	8000	6442.88112302194	7028.86330448199	NA	8000	7278.93933867154	8000	NA	6679.00939568761	7432.75433761512	7731.07108346469	NA	8000	8000	7420.59902485367	7112.26314258324	8000	7702.24922909074	NA	8000	7777.90290530689	8000	NA	6574.01860941602	7769.1436720226	7489.65182077436	8000	NA	NA	NA	NA	NA	NA	NA	NA	NA	NA	NA	NA	8000	5859.01411260831	2547.3386700542	7406.39173533954	2851.94757766663	7078.03489045344	NA	8000	7160.45703113842	5304.61311645502	NA	6729.20923890947	6004.42141137884	4919.63681837748	7704.30943263176	7664.15680414967	NA	6696.6043053929	NA	7348.22984832455	6927.27966276463	7129.75518730993	NA	6909.24950320474	6333.1207526724	7748.30097773206	5540.55369126321	6216.38755168478	6849.36113458087	8000	7201.38716581173	7471.31929969532	4820.36473820662	NA	6669.82412113074	6111.09607706059	6823.64371997936	NA	6936.49978491223	NA	6960.83576020873	8000	7912.42644432685	NA	7291.25646159038	8000	7476.18741424052	8000	3891.53855476753	8000	5866.79328675074	4665.63263259615	8000	8000	7829.44984036789	2421.61821944062	6067.23867419376	7380.60527781216	8000	6991.28676655142	NA	7174.17210731829	7133.47523037059	7440.4834256177	NA	6463.20275232744	8000	NA	NA	8000	5540.73802565665	7726.84812015478	7644.04501379791	NA	7866.33502045614	8000	7909.34171761888	7871.46538703556	NA	7896.04699224278	7068.69937512308	6834.06259972834	NA	6404.51084625342	5398.62538011114	5619.94786344348	NA	NA	7958.85919872862	6617.727585837	7549.71772163989	7519.90477035128	NA	NA	NA	NA	NA	NA	NA	NA	NA	NA	NA	NA	NA	NA	NA	NA	7833.29826138593	6966.79366276994	7266.26939515423	7534.45021607309	7135.1959397799	7543.36012651027	NA	6377.80692466365	7404.86619512721	7370.88689924578	7541.59603851912	3257.5931880428	7227.58169415428	NA	8000	7841.63694215991	6189.4389950951	8000	7713.82723584551	6337.74296155103	7201.53917047592	6818.52092676795	6960.82798325329	NA	7541.59603851906	6804.43742367669	7379.54890719528	7263.41076786997	7603.13841342826	7832.12217400288	NA	7693.65675136881	7454.02738167628	6834.92861621025	NA	7001.63547787815	7402.53118318952	6483.60143843543	7197.46669888016	NA	7337.87198886183	7127.9500996538	6852.22368623137	8000	1769.222712002	7396.26253421864	NA	8000	7947.28514678962	6455.4480859808	NA	7166.26025374691	6548.93937936656	6332.61289406797	NA	7585.33357258579	7619.97263506342	7014.31319584783	7849.7888374191	6939.62775352495	7672.95557029871	NA	7274.12497732209	7694.22637883925	6137.0461899341	NA	7708.83025225477	7228.05095031366	6281.4943154192	8000	NA	NA	NA	8000	NA	NA	NA	NA	NA	NA	NA	NA	7881.07508319552	5332.6223619342	3958.65688169439	8000	2139.71169485092	6921.61124567184	NA	8000	7373.4818326541	4071.38287411817	8000	6026.8587483317	5879.98618927701	4332.6233035224	6731.40957948763	7359.63055951346	8000	6921.39106696909	NA	7545.00088579286	7654.57012715235	6144.60831325147	NA	6746.59961017656	6629.96711370023	5751.91322231636	7611.78667796405	3577.24484227206	7902.2409197698	8000	7642.75302137611	7474.96096499029	4916.63781677781	NA	7042.41259780924	6434.2148705415	5921.87448857648	8000	7415.98039982236	NA	7693.65675136883	6179.86192025524	6801.3245880343	NA	7356.62425259946	6724.39144820795	7030.23284561886	8000	8000	8000	NA	5695.17153227314	8000	8000	8000	6806.08528010529	6829.53772895137	7504.43170672189	7750.67007747039	5712.82683625549	NA	7383.45993138386	6979.50531637111	6800.44331210514	NA	6349.01405143781	8000	NA	NA	6012.22655549233	5556.70106777641	7744.56409997169	7221.56372042116	NA	7088.94818759802	7695.9129474353	6911.1708658368	6827.93711204259	NA	7050.08080503719	5875.43984205327	6377.59098956696	NA	7026.41391994669	7525.33419878833	5257.24115420042	NA	NA	6996.77817813174	7063.10085650751	6284.77140167088	5818.36704915159
rep4	NA	NA	NA	NA	NA	NA	NA	NA	NA	NA	NA	NA	NA	NA	NA	NA	8000	8000	8000	8000	7238.7547465744	7382.44267477845	NA	6861.54642255998	8000	7040.190653699	6544.35423408533	8000	7840.52385639356	NA	6968.65438033421	7426.82458585533	7119.30886130269	8000	7833.28229467289	6878.36389962173	7739.55257881941	7356.58464543411	8000	NA	7517.83422683478	7442.44632688827	6646.41645886592	7564.0535715953	8000	7722.0367260984	NA	8000	7439.82968405725	8000	NA	6844.06701153832	7356.92407173656	7983.7455409219	7179.33423621638	NA	6580.4706879764	7279.08902896129	7493.51888849129	7424.79181160429	8000	7090.82952238518	NA	8000	7665.44615962305	7530.93197829611	NA	7347.25878914533	7306.56298943313	7583.33152169939	NA	6605.63779061519	7782.19537922406	7172.6968494048	8000	8000	7671.25541540572	NA	7417.03253456796	7279.61001710773	7399.57169233511	NA	7656.77394879626	6910.6249375807	7877.60122114976	8000	NA	NA	NA	NA	NA	NA	NA	NA	NA	NA	NA	NA	8000	6289.23143542969	3034.35986487196	7041.45723309431	2688.54294083457	6458.98548230555	NA	8000	6636.31578564667	4915.35949025716	NA	6455.08309864871	6445.88101026815	5051.99773742449	6845.79262905706	6835.18236146144	NA	6823.40058232365	NA	7534.85791036127	6912.42005387716	7141.56706658528	NA	6526.75621570553	6601.34240077505	7855.50277715571	7403.9295610931	6020.72633694348	6978.50487503538	8000	7015.90902053549	5578.49495226094	3703.81885984403	NA	6837.77762761108	6987.5670921142	7394.41456948109	NA	7718.99059674611	NA	7803.77767610151	8000	7632.45105307616	NA	6719.5081584907	8000	7972.72956785342	8000	4249.37260575995	NA	5686.34995271235	5074.51101287521	8000	8000	6350.97522255035	2463.83553683079	5764.35377914924	7410.86538786342	7895.97045503143	8000	NA	7173.04853365499	7411.80725440252	7946.25038022283	NA	5841.85111143545	8000	NA	NA	6237.83682451745	5188.23712119115	8000	8000	NA	7292.53101104846	7789.24855070658	8000	7438.84406489122	NA	8000	6881.88404556937	7489.96829622318	8000	6373.55749286906	5776.90676461719	5194.96011195738	NA	NA	8000	6858.47552360725	7480.0631228622	7362.71888270211	NA	NA	NA	NA	NA	NA	NA	NA	NA	NA	NA	NA	NA	NA	NA	NA	7937.8174584358	8000	7051.76236789307	7724.05158268037	7151.27150577126	7530.47596821572	NA	7316.62751324329	7441.81586577656	7160.67125424422	7236.34735938253	7152.84005082495	6871.33707077708	NA	8000	7261.22997013812	5873.95016595897	8000	7605.48162433693	7328.56101500063	7524.02603238671	7545.02848920555	7274.11923980387	NA	7437.15146029724	6354.66087532436	8000	6883.30550402073	7822.10272920822	7219.8845234955	NA	8000	7387.16874332665	7102.7041350627	NA	7116.74505160223	7102.86440062549	6790.49311598638	7455.59431885581	NA	7016.94970009406	7270.06903485528	7245.23454305019	7748.63892576667	1514.86844628078	6681.85546562947	NA	8000	7392.56591797265	6778.36253340602	NA	7199.51930813817	6491.79788820987	6680.57351724975	NA	7624.79114928163	6848.19299252126	5736.9030687437	7934.39105089586	3368.69083928217	7187.49619239466	NA	8000	7757.71798927103	6743.32902324401	NA	7761.80364194269	7647.06974451567	6611.38210782363	8000	NA	NA	NA	8000	NA	NA	NA	NA	NA	NA	NA	NA	8000	5235.4078254876	4704.71035027254	8000	2372.88725341488	6248.57895179105	NA	8000	8000	3173.0309598368	NA	6015.11900250206	5135.86337116992	4619.74726586277	6774.13156765822	8000	8000	7303.5865218198	NA	8000	8000	6017.45467495876	NA	6462.57143828636	6878.69033789104	5691.23050852393	7714.98972666595	3476.55961102084	7338.99214564273	8000	8000	7693.81084188939	4119.72929225198	NA	6874.40270352176	7177.36638429179	5920.31685907398	8000	8000	NA	7181.37777527883	7927.26292825323	6465.49772910562	NA	7628.25809326331	7641.82845236553	6401.43017743629	8000	8000	NA	NA	5061.34049748799	8000	8000	8000	6666.73468791774	7229.45499944882	8000	8000	5909.36012787559	NA	6959.55724664344	6534.5752908228	6873.3123423907	NA	6079.45257853763	8000	NA	NA	8000	5361.86821198293	7902.00597346111	7008.09408978287	NA	7452.69591236479	7084.27196665149	7205.9134497992	6894.26767230575	NA	8000	7388.9547326798	7037.78198033347	NA	6586.31709917064	7465.82173125639	4039.97468644205	NA	NA	7863.13133238253	6272.56712690466	5803.70969952382	6045.50209607931
rep5	NA	NA	NA	NA	NA	NA	NA	NA	NA	NA	NA	NA	NA	NA	NA	NA	8000	7876.08209880703	8000	6883.54257575326	7870.81808874894	8000	NA	5824.18256440029	7171.70118450671	7237.58894463066	7499.29370324406	7991.97511586095	7433.99818816658	NA	8000	7710.07017450067	7681.062501342	8000	7595.22823318194	7516.86486719298	7916.99472755295	7423.34971029028	7388.10826643861	NA	8000	7518.05479562689	7411.34287478797	7516.47525192364	8000	7677.16424763825	NA	7248.04894713152	7280.626446673	7902.79128547174	NA	6262.7549369514	6939.57520892282	7966.38577785397	7374.32603367385	NA	6971.05302908959	7654.28177287875	7763.67566741957	6980.67144852845	7348.31850290895	6999.53635815519	NA	8000	7146.71953232603	7789.98648868413	NA	7734.12633040176	7286.52041812746	7135.79257578685	NA	7481.57672840886	6991.11951488328	7550.8208633782	7097.13874253933	8000	7092.93609657657	NA	7678.33268376764	7537.086368104	8000	NA	7215.81996848935	7140.48697620404	7940.04157418999	7248.04894713157	NA	NA	NA	NA	NA	NA	NA	NA	NA	NA	NA	NA	8000	6712.58427942022	3342.18431076406	8000	3104.83899358519	7954.2055287967	NA	8000	8000	4288.77166907738	NA	6729.26769152417	6268.19630015166	4394.54747192562	6971.17815272711	7364.01505926673	NA	6911.47789047349	NA	6550.16804880941	6942.31982530782	6835.8945189898	NA	6419.63511675872	6501.4819134308	6678.52011046705	7057.66875291598	6508.64320281453	6959.90504988289	6012.22655549233	6871.20972000131	7348.46342782663	2904.16117793947	NA	6878.56715822569	6075.00851616023	7362.5884536385	NA	8000	NA	8000	7339.62380676017	8000	NA	7769.3114749637	7566.6579709856	7919.0909436174	8000	4120.23530275337	8000	5189.9207382877	4496.4931416955	8000	8000	7282.54606975541	3043.97297912539	6141.16359530046	6687.64397028805	8000	7543.36649287152	NA	7396.55502619799	5235.41433506919	7833.67986648108	NA	7434.36227551877	NA	NA	NA	4803.36520904931	5568.82617130097	8000	8000	NA	7777.47368426163	8000	7571.22916167151	7889.38756766907	NA	7892.87629969229	7278.99801473353	7524.53452155375	NA	6556.65904496678	5027.43387210006	5427.64724296883	NA	NA	8000	6472.63337030936	7597.45548607015	7707.7287798274	NA	NA	NA	NA	NA	NA	NA	NA	NA	NA	NA	NA	NA	NA	NA	NA	7957.60369999052	7091.17947215668	6992.8451506951	8000	7919.97360843265	7159.66661208024	NA	6862.29879687902	6964.54647458131	7557.21467586557	6677.65444327245	4813.60194266613	6509.25581478599	NA	8000	7841.36009231058	7461.32419451719	8000	8000	6450.80281282395	7061.9581793422	6483.70729105397	7363.40519992046	NA	8000	7120.61886942267	7345.96629002722	6717.86945839345	7947.53585122511	7005.18431074766	NA	8000	7141.91733587446	6286.34160937849	NA	6568.52395966938	6223.72993176123	7291.29119856574	7257.16228435411	NA	6433.19084295069	6440.7198624331	7000.65668756015	7463.24907583826	1648.42328284466	7488.84608459531	NA	8000	7578.1674545741	6291.12782766635	NA	6520.14373706423	6756.08499483769	5975.93425076229	NA	8000	7455.89759025163	5502.37612216449	6962.07398130629	1522.27622059518	7720.44094879331	NA	7458.36934622134	7261.61230572011	6909.68803390613	NA	7186.88503755551	6593.46219211163	6418.06516104549	7765.86313502234	NA	NA	NA	8000	NA	NA	NA	NA	NA	NA	NA	NA	8000	4583.71666286233	4001.28156656281	8000	2525.34878108185	6064.99860933639	NA	8000	8000	4168.88032144942	NA	6120.4596684907	5244.3253097164	4169.7252554485	6411.8829841129	8000	8000	7101.62541886498	NA	7403.65900985909	8000	5577.63990835321	NA	6585.74995237638	6990.00318966498	6288.19766520691	7055.57307794903	3964.2399530987	7396.62554307481	8000	8000	7156.02682993821	3659.95821513969	NA	7488.17085184338	6961.12523593685	5819.67507510601	8000	7561.15776442511	NA	8000	7704.94198518836	6900.98404460357	NA	7315.41580140276	7416.87936387693	7026.8467915508	NA	8000	NA	NA	5240.83541096999	8000	NA	8000	6922.37178138179	6805.70904000139	8000	7761.35432142915	2358.07635098147	NA	7121.83401471592	5221.98660371589	7225.55754381994	NA	7190.20114652418	NA	NA	NA	6419.12370120352	5978.10474118429	8000	7157.43502106079	NA	7466.29661771584	7098.01577083661	7289.35815534824	6945.63652683667	NA	7319.22544291103	7246.59351616479	7104.58872488829	NA	7920.55087737314	7324.51664020991	4534.44325389069	NA	NA	8000	6408.94785296035	5697.20008660633	5250.77374185608
rep6	NA	NA	NA	NA	NA	NA	NA	NA	NA	NA	NA	NA	NA	NA	NA	NA	1922.01644556686	2000	2000	2000	2000	1903.81615078056	NA	2000	1792.97670693076	2000	2000	2000	2000	NA	1792.48654413592	2000	2000	1944.61976006714	1478.74489050665	2000	1752.86952674846	2000	2000	NA	2000	1646.45860389736	2000	2000	2000	1700.3580415527	NA	2000	1723.00863187602	2000	NA	2000	2000	2000	2000	NA	2000	2000	1877.77392330866	2000	1998.82630990041	2000	NA	2000	2000	1943.15216445294	NA	2000	1699.65014279013	1868.56239073744	NA	1659.43443522467	1665.34317216361	1998.19913529731	2000	2000	1671.56694077986	NA	1534.49617253394	1864.62658892057	1746.53988484304	NA	1886.54999732446	1775.24531168926	1698.06876235234	2000	NA	NA	NA	NA	NA	NA	NA	NA	NA	NA	NA	NA	1885.73229002625	1768.28911620543	1059.66027594387	2000	813.70201781405	1378.76232503248	NA	2000	2000	1567.64961032972	NA	1915.63256499352	1341.36451315285	1442.40390436731	1929.62085145926	1866.19765730918	NA	1221.08859431052	NA	2000	1704.00215571067	2000	NA	1775.4466559345	1583.18986506077	1476.39371874317	1467.73521858016	1707.9667697611	1607.05269248035	2000	1748.96358998391	1719.59446209231	718.265336230187	2000	1637.87057035437	1740.01910782881	1681.18081506703	NA	1969.28193107372	NA	2000	2000	2000	NA	2000	2000	2000	2000	1003.29973052267	NA	1515.10003147507	1171.25533662312	1989.05235379365	2000	1678.59912343063	1021.57986226847	1444.25117471829	1923.49390287723	1852.11076559125	1677.2858591683	NA	1696.12408987534	2000	1894.73833885985	NA	1722.54288506787	2000	NA	NA	NA	918.241714913557	2000	2000	NA	1854.62189643734	1635.40730461558	1969.28193107372	1992.99627475125	NA	1475.84848070361	1846.33472735073	1727.47503359415	NA	1162.27799388429	1246.08170858535	1289.49677903723	NA	NA	2000	1873.63997471455	1835.80873474429	1829.16861700077	NA	NA	NA	NA	NA	NA	NA	NA	NA	NA	NA	NA	NA	NA	NA	NA	1920.47846699446	1911.82554923357	1846.16087777316	2000	2000	1880.79646294783	NA	1954.22303466968	1977.56775799045	1885.50873327238	1722.87274894694	1152.66367443231	1781.769547572	NA	2000	1844.2843970572	1789.33176208562	2000	1864.37156319132	1494.75795150215	1757.58805357132	2000	1876.81148206409	NA	NA	1618.43694267573	1440.34318443166	1571.34993467773	2000	1942.40592148223	NA	2000	1792.60228435048	1688.59832230578	NA	1898.69465266339	1352.27275852371	1559.88618533816	1572.59887446697	NA	1001.00451354209	1300.15393314521	1650.15827208719	2000	489.337813065537	1571.18862464836	NA	2000	1538.22073722198	1639.12475933634	NA	1242.01636314916	1746.19819526898	1808.31036642939	NA	2000	2000	2000	2000	1659.55898235258	1916.89086466406	NA	2000	2000	1610.54266453914	NA	1885.48882313318	1576.46138310723	1570.3198928317	1512.15374386829	NA	NA	NA	1662.22595450944	NA	NA	NA	NA	NA	NA	NA	NA	2000	1534.3274530208	1065.19524474003	2000	709.268362735229	1600.46731381994	NA	NA	2000	1017.19653768711	NA	2000	1335.13459582545	1094.58903220423	1518.50357778573	2000	2000	1755.64705096552	NA	1866.48100989483	2000	1315.22118464938	NA	1614.56000166004	1353.76633155647	1236.96919907238	2000	654.942135123296	1757.9719861208	NA	2000	1965.96899485105	665.49001840586	NA	2000	1608.40945251454	1718.06825447969	NA	2000	NA	2000	1760.73294830956	1859.64478472056	NA	1828.86556907031	1933.46499066878	1734.83903221303	NA	NA	NA	NA	1400.74824207106	1976.3326771942	NA	NA	1873.11944915759	2000	1920.47846699447	2000	1825.25672327584	NA	1846.68273280136	1939.97130868854	1899.75088191059	NA	1148.06743847426	NA	NA	NA	2000	1441.48195694321	2000	1643.92489284434	NA	1671.0300378343	1835.16661965504	1401.9093087527	1788.26112742685	NA	1876.43293877506	1755.72052348055	1740.88140229854	NA	2000	1817.06679152315	1337.11138836283	NA	NA	1986.66826273096	1627.46629347338	1823.69788459243	1517.82284303938
rep7	NA	NA	NA	NA	NA	NA	NA	NA	NA	NA	NA	NA	NA	NA	NA	NA	1826.70259096699	1866.14026895005	2000	2000	2000	1883.2576467598	NA	1553.24346535422	1913.82844143954	2000	2000	1974.71633566869	1885.60385200879	NA	2000	2000	2000	2000	1993.00307802728	1719.6233280271	1795.6758703815	2000	2000	NA	2000	1803.88081862793	2000	1722.87274894694	2000	1886.6788200085	NA	1091.19923685171	1897.82913412308	1937.07599344175	NA	1851.94345483029	1727.87530918132	1904.00859334075	1828.54700654886	NA	2000	1908.3470429063	2000	1771.91742806486	2000	1831.86138762064	NA	2000	2000	1861.30280748576	NA	1419.70132304186	1938.22684297638	2000	NA	2000	1815.72655141832	1822.65676523717	1964.53245801879	1745.69880193325	1620.48618583041	NA	1797.75964602427	2000	2000	NA	2000	1665.77907409293	2000	2000	NA	NA	NA	NA	NA	NA	NA	NA	NA	NA	NA	NA	2000	1693.8000066676	1172.56619674846	2000	515.209698240745	2000	NA	2000	2000	1215.45297397707	NA	2000	2000	1112.40054064621	1776.71877062079	1799.82229441757	NA	1541.8303545093	NA	1969.28193107372	1708.82109788966	1886.10663883355	NA	1561.59791898978	1510.65208193554	1395.60883506504	1778.46552726749	1810.19051200601	1712.12617887273	2000	2000	1816.83496700401	1310.25326105665	NA	1711.00706462285	1379.91065840825	2000	NA	1931.00193756409	NA	1133.51521936935	2000	1982.20551527614	NA	2000	1831.94716819415	1769.09225112722	2000	1091.43066628981	NA	1338.08525155391	1420.70995850427	2000	2000	1722.95627387	487.066684385677	1246.51332813693	2000	1911.40223955057	1970.98912183668	NA	1855.88217184115	946.968065055187	1824.62016374258	NA	1225.12413392905	NA	NA	NA	2000	909.17758290729	1909.47189287513	1924.04028012872	NA	1835.20495969076	2000	2000	2000	NA	1904.98717695783	1718.97368404985	1757.26131908216	NA	1644.48089047091	1383.0714654586	808.398408276123	NA	NA	2000	1745.48511851976	1648.80910037943	1589.84603917824	NA	NA	NA	NA	NA	NA	NA	NA	NA	NA	NA	NA	NA	NA	NA	NA	2000	1735.3242307926	1728.74444635906	2000	2000	1759.37725222655	NA	1906.3796492553	1733.19660799202	1583.28466373856	2000	1966.50838211598	1513.29083283403	NA	2000	1767.51605183467	1757.16404614727	2000	2000	1938.57927686432	1773.81137817973	2000	1697.98529776218	NA	2000	1910.98015297623	1658.56953941474	2000	1513.33318162243	1835.20495969077	NA	2000	2000	1532.65321691536	NA	1819.26590489334	1906.95618817983	1592.05570462169	1856.37933044163	NA	2000	1686.79543494835	1544.17878378542	2000	313.270247117367	1693.00810650493	NA	2000	2000	1599.03760735118	NA	1783.15032302686	1667.14114776337	1364.61071545175	NA	2000	1638.6052828522	1988.61440724421	1888.12067202967	2000	1803.61852993297	NA	2000	2000	1485.17413602969	NA	1648.80391602196	2000	1627.73999965071	2000	NA	NA	NA	1941.09879218113	NA	NA	NA	NA	NA	NA	NA	NA	1792.60228435048	1319.83043285879	1120.68773805483	2000	464.95110172974	1941.09879218113	NA	2000	NA	1077.42682318089	NA	1720.77061640943	1059.21257182019	1178.50590922493	1345.41600439935	1805.72845570172	2000	1844.99183118229	NA	2000	1830.8768650675	1526.62412209192	NA	1652.54109745064	1509.90814567386	1597.56497264315	2000	1683.41920836448	2000	2000	2000	1802.99176620133	744.351761552693	NA	1657.40831384904	2000	1734.78207643013	2000	1940.16263078722	NA	2000	1710.99109654829	1698.02142789001	NA	2000	1731.56644864581	1915.3628467001	NA	2000	NA	NA	1398.12048188047	2000	NA	2000	1874.90559623268	2000	1711.07807219229	1875.78423163398	1828.8542291236	NA	2000	1186.58803346738	1684.52959338196	NA	1549.02218675153	2000	NA	NA	2000	1142.4409980547	1771.79570647434	1836.34214651687	NA	2000	1831.80271080608	1834.28230031425	1880.02967485474	NA	2000	1691.0851882717	1603.65989482505	NA	2000	1773.61915455659	1375.64866788662	NA	NA	1761.66948054386	1713.95799547147	1539.20988913175	1675.35930805269
rep8	NA	NA	NA	NA	NA	NA	NA	NA	NA	NA	NA	NA	NA	NA	NA	NA	2000	1983.94168777591	2000	2000	2000	1661.14285851683	NA	2000	1746.84480627226	2000	2000	2000	1812.13385965176	NA	2000	1390.18385152244	1668.62225230982	2000	2000	1711.30146390293	1543.85248406221	2000	1600.50817267446	NA	2000	2000	2000	1693.37177034731	2000	1812.88241270244	NA	2000	2000	1890.77244603579	NA	1541.22245019527	2000	1922.59470033794	1469.23262016818	NA	1295.74867902286	1686.65854230653	1856.27525653471	2000	1536.7160918	1741.65727877728	NA	1619.37916573915	1872.73445179525	1658.06654455184	NA	1405.99361259289	1938.6484249313	2000	NA	2000	1971.0679468788	2000	1819.35995236888	2000	2000	NA	1746.98447091191	1868.89575430381	2000	NA	1654.62442564719	1764.58714297378	1608.05507521338	2000	NA	NA	NA	NA	NA	NA	NA	NA	NA	NA	NA	NA	2000	1616.01286177103	1245.23925797531	2000	736.649398747812	1941.09879218113	NA	2000	2000	1156.77912600988	NA	1382.46272069766	1137.19632843511	1194.91050570673	1502.46354480213	1769.67504455762	NA	1911.67607920843	NA	2000	1761.85233626766	1836.13279738955	NA	1364.15717553337	1504.22262672647	1880.50927153866	2000	2000	1472.32943248672	NA	1771.83241302932	1682.96328005441	835.672414314687	NA	1538.32034799303	1113.83699412151	1948.26768556741	NA	1927.23242037476	NA	2000	1872.82777457757	1914.26399921183	NA	1902.08089910674	1484.53880978579	1886.63547134571	2000	921.592515482411	NA	1252.67243009745	1102.9536774043	2000	NA	2000	430.603523994241	1604.9779599502	2000	1745.35527085521	1925.31643359875	NA	1823.09523620236	1498.25092654044	2000	NA	1576.66308123537	NA	NA	NA	2000	1826.96230198135	1858.9935768648	1747.04263004401	NA	2000	1859.09059524091	2000	2000	NA	2000	1607.22081431188	2000	2000	1125.53299881826	1115.97117051323	1697.29176013321	NA	NA	1830.61727754684	1402.12396347835	2000	2000	NA	NA	NA	NA	NA	NA	NA	NA	NA	NA	NA	NA	NA	NA	NA	NA	1756.29945708709	1981.79588729198	1925.94003094067	2000	2000	1693.2903533086	NA	2000	1951.18733403962	1861.87284596211	2000	1842.07144339347	1968.82224790224	NA	2000	2000	1721.39954861385	2000	1561.48149587398	1908.03116798405	1848.52693745952	1511.10380742421	2000	NA	2000	1811.11165995914	1713.3056961802	2000	1851.67631892204	1632.57552622733	NA	2000	2000	1357.6794059421	NA	1851.06368786868	1678.49548267625	1536.07300354783	1849.36079119023	NA	2000	1689.65556586653	1325.89308937185	2000	372.023498724571	1779.88951571872	NA	2000	1711.07807219229	1719.16710964218	NA	1772.55756969573	1837.54003341188	1694.39828138479	NA	2000	1934.97453826399	1210.31731024517	1920.39723675708	390.471626017693	1925.52885200409	NA	1762.07186408317	1803.9226655126	1577.89926386398	NA	1750.87953712934	1756.14986633463	1752.47636823089	2000	NA	NA	NA	1650.21222982974	NA	NA	NA	NA	NA	NA	NA	NA	1721.52932817178	1479.71453933408	1216.65564018287	2000	684.181942799073	1785.45658904101	NA	2000	1571.3499346777	1024.88370297559	NA	938.52447827946	1544.05816009802	1118.54063032379	1625.91906494433	1778.56715475761	2000	2000	NA	1423.89540147919	2000	1373.27045684894	NA	1541.74581332557	1464.82966398629	1426.78557034692	1938.26477072645	1292.5716677243	1723.20898264363	NA	1777.65425022941	2000	1044.11470112824	NA	1877.33335731901	1779.80203657978	1670.88325407207	NA	2000	NA	2000	1560.6201908022	2000	NA	1853.06370085862	1828.6602638931	2000	NA	NA	NA	2000	1485.94063219737	2000	NA	NA	1604.94620318878	1728.28477372238	2000	1720.93888979749	1613.82910230661	NA	1780.61068904354	1860.97502420188	1747.2649372519	NA	1519.91832067092	NA	NA	NA	2000	1324.30825663514	1496.03805418327	1828.78549567987	NA	1973.04200849014	1807.64225455741	1635.2659271849	1833.24638691039	NA	2000	2000	1885.18284953056	NA	1869.72892644698	1866.17668719401	1768.00404269297	NA	NA	2000	1883.10748705456	1473.76751551275	1544.06110473391
rep9	NA	NA	NA	NA	NA	NA	NA	NA	NA	NA	NA	NA	NA	NA	NA	NA	1950.74321608303	1811.4154207103	2000	2000	1792.4865441359	1893.70595992183	NA	1872.82777457758	2000	2000	2000	2000	1960.19977379169	NA	2000	1614.71146655016	2000	2000	2000	1792.9366227505	2000	1792.60228435047	2000	NA	2000	2000	2000	2000	2000	1999.11281889892	NA	2000	2000	2000	NA	1903.92476684648	1856.4244592139	2000	1786.89516045919	NA	2000	1916.89774489743	1856.69003563633	2000	1524.69829404682	1938.72941280996	NA	2000	1885.73229002625	2000	NA	1761.70481106218	1421.8263662867	1818.69247041968	NA	2000	2000	2000	1795.68504296839	2000	1802.74936954851	NA	1792.69509477075	1714.08496073663	2000	NA	1894.36445124538	2000	1744.39447991569	2000	NA	NA	NA	NA	NA	NA	NA	NA	NA	NA	NA	NA	1659.28054258029	1506.30738905101	952.210078237023	2000	582.810591580239	1897.91593431905	NA	2000	2000	1013.67555146307	NA	1700.25306182508	1658.93698431249	1179.00132533015	1289.49649556383	2000	NA	1662.50385766857	NA	2000	1698.86918364685	1944.58038697932	NA	1480.81243774027	1521.1203688991	1778.70380661216	1460.65930547668	1887.99764805078	1469.60598819111	2000	2000	2000	1484.83189837039	NA	1744.97364429951	1740.14800970899	1974.75027328733	NA	1599.01483259882	NA	2000	2000	1374.21514223269	NA	1921.80449660609	1994.24471152592	2000	2000	988.076261213018	NA	1863.07194643998	1084.02845567787	2000	2000	1710.58372252543	702.454669820584	1587.99067706906	2000	1778.01373783979	1844.54194269397	NA	1735.00006885044	1989.56355690446	1745.06386497638	NA	1737.40959907714	2000	NA	NA	NA	1488.05637772843	2000	2000	NA	1760.27191904058	1941.09879218112	2000	2000	NA	2000	1776.20512785041	2000	NA	1608.57080936567	1438.80097338999	1166.25861155993	NA	NA	1623.09550983324	2000	2000	1904.22215393924	NA	NA	NA	NA	NA	NA	NA	NA	NA	NA	NA	NA	NA	NA	NA	NA	2000	1861.66079778019	1896.51941710637	2000	2000	1947.34742329957	NA	1785.52391282188	1878.24191954822	1672.74777116287	1571.17270223981	1791.03428761931	1670.48910124046	NA	2000	1828.54700654885	1708.6203654777	2000	1962.77340947109	1617.314584454	1802.84046272677	2000	2000	NA	1723.00863187603	1593.47678915083	1870.96748878884	2000	1873.51017957906	1521.13233213397	NA	2000	2000	1320.56646920489	NA	1951.2671048586	1529.45737361806	1771.55632504977	1441.08866242637	NA	1571.34993467771	1622.95021725981	1721.45545093261	2000	482.512300484761	1435.08337592796	NA	2000	1811.26068278022	1839.84065717566	NA	1586.90084875645	1596.77003091828	1636.89206442101	NA	1590.30306299707	1905.04531949891	1704.79865033327	1871.36788965648	2000	2000	NA	1866.70226739457	2000	1599.79517982287	NA	2000	1987.60878954562	1630.77212764682	2000	NA	NA	NA	2000	NA	NA	NA	NA	NA	NA	NA	NA	2000	1087.49317401089	1018.60566999578	2000	463.367989579174	1476.49748220961	NA	2000	2000	907.187517297389	NA	1571.28295164688	1130.22878468184	1077.61349749606	1248.44606888159	2000	NA	1462.64745839878	NA	2000	1936.1546393204	1001.96893304956	NA	1830.14816516244	1463.52389878999	1379.92998726018	2000	1387.8364683619	2000	2000	2000	2000	1062.3775260695	NA	2000	1655.00346219686	1476.98379915605	2000	1557.31437510927	NA	2000	2000	1955.09642508659	NA	1705.16930599851	2000	1892.1549231676	NA	NA	NA	NA	1235.23271801118	2000	NA	NA	1532.10841383397	1954.32270106582	2000	2000	1654.25231665817	NA	1804.33555620799	1691.51046907435	1931.80033060395	NA	1445.8249436788	NA	NA	NA	2000	1507.89819133687	1872.82777457758	2000	NA	1875.30578625489	1039.68657625283	1959.58329577329	1666.97668431116	NA	2000	1773.64177167316	1663.66425375076	NA	1626.47393204068	1677.3303687685	1828.78922587157	NA	NA	1904.04573677263	1695.60331871959	1730.82494238005	1609.06648619001
rep10	NA	NA	NA	NA	NA	NA	NA	NA	NA	NA	NA	NA	NA	NA	NA	NA	2000	2000	2000	2000	1619.37916573916	2000	NA	1295.46235175094	2000	1950.25516624419	2000	1513.10083596828	1526.71151315	NA	2000	2000	2000	1292.07648609324	2000	1791.52720027529	565.39859193278	2000	2000	NA	2000	1486.10731041978	2000	2000	2000	2000	NA	2000	1525.16672392594	1843.40279462577	NA	1835.1174091508	1823.94543710635	1910.90218208193	1608.39768125732	NA	2000	1509.32549260041	1829.99464277406	2000	2000	1772.4066789304	NA	2000	1885.73229002625	1771.9071787715	NA	1876.72364366874	1781.14791316576	1959.93617034791	NA	2000	1407.2304362522	1845.4031531392	1717.35987696689	2000	1696.17115211009	NA	2000	2000	1897.64343052258	NA	1852.21642261965	2000	2000	2000	NA	NA	NA	NA	NA	NA	NA	NA	NA	NA	NA	NA	2000	1418.57093525141	738.477847952721	2000	901.155316977296	2000	NA	2000	2000	1222.93124197063	NA	1785.45658904102	1258.92903212926	1036.80597948292	1819.70216923191	2000	NA	1628.0120077105	NA	1978.02698194119	1710.65957843581	2000	NA	1335.80338033999	2000	1800.85049612538	1618.50022906462	1534.21006144689	1640.84193548129	2000	1822.35209900343	1944.05774805559	1299.83106444267	2000	1525.51885409176	1285.23421666644	1937.73590136683	NA	2000	NA	2000	2000	2000	NA	2000	2000	2000	2000	1288.86424629878	NA	1811.07839984934	1352.40705714068	1022.16855195979	NA	2000	516.565595788522	1522.58697624226	2000	1527.33784398168	2000	NA	1695.39848209747	1395.21852399035	1771.9567224877	NA	1133.92864202659	NA	NA	NA	2000	1285.19125885367	1811.37103684189	2000	NA	2000	2000	2000	1643.82108132997	NA	1839.1137782773	2000	1855.14445589496	NA	1403.80554596377	1344.91110234939	1352.47617443248	NA	NA	1525.31966699853	1791.38246413575	1966.50237770371	1795.59252178755	NA	NA	NA	NA	NA	NA	NA	NA	NA	NA	NA	NA	NA	NA	NA	NA	1824.1433471233	1632.82531583409	1599.39688280868	2000	1771.91742806486	1666.25935250343	NA	1812.80187081031	1795.02851810251	1558.05721553014	2000	441.735307579439	1666.97331349304	NA	2000	2000	1959.45025413816	2000	2000	2000	1880.07817022098	1844.38545248802	1611.69281068178	NA	2000	1611.61806022552	1783.05687364889	2000	1952.70296890563	1460.08762337445	NA	2000	2000	1623.90228758412	NA	2000	1594.6368299721	1587.03775801869	2000	NA	2000	1600.37259447552	1906.82013182374	2000	361.637598924891	1904.87567222454	NA	2000	1659.43443522467	1572.37427458253	NA	1572.06405723248	1611.02300750787	1567.70200006961	NA	2000	1908.48075571823	1873.04982109737	2000	1186.61750556593	1914.88063217031	NA	2000	2000	1820.66245630918	NA	1864.57104150333	1717.5155288348	1166.69215899961	2000	NA	NA	NA	1846.89717014271	NA	NA	NA	NA	NA	NA	NA	NA	1844.2843970572	1577.1527904232	1262.48227812199	2000	562.039747025716	2000	NA	2000	2000	1182.40906183599	NA	1550.62560260494	1272.00709713634	1356.16890539594	1407.07025258559	1924.39569454747	NA	1776.41988050488	NA	2000	1920.80714839939	1277.41883721823	NA	1521.99577032525	1467.9951034047	1069.75640010997	1698.68862440967	1177.99322455212	1731.53325785787	2000	1752.9935439478	1371.69146896264	1454.60485838154	NA	2000	1442.0500833606	1832.53581332355	NA	2000	NA	2000	1721.6042838068	1587.53049596492	NA	1675.68015525711	1968.58190913995	1579.85248826624	2000	NA	NA	NA	1751.39723807898	1016.26663835809	2000	2000	1504.20446422643	2000	2000	2000	1371.16743864329	NA	2000	1695.7267705029	1655.18920301047	NA	1495.51942244511	NA	NA	NA	NA	1382.35663713925	1885.73229002625	1524.91228736541	NA	1740.98552163107	1838.27704065038	1640.39373594419	1759.86975345719	NA	1836.5407831721	1837.06303318517	2000	NA	1784.10233049908	1956.00334615012	969.014426423774	NA	NA	1937.28786576178	1704.91093045779	1849.05114078513	1552.28812741617
rep1trunc	NA	NA	NA	NA	NA	NA	NA	NA	NA	NA	NA	NA	NA	NA	NA	NA	2000	1657.5857661357	2000	2000	1538.28716223308	1618.54175741277	NA	2000	1845.87188197345	1754.9310584001	1512.34517923931	1850.50077995903	2000	NA	2000	2000	2000	2000	1557.18913467808	1776.97883264216	2000	2000	1903.87045726438	NA	2000	1678.43667233757	2000	2000	2000	2000	NA	2000	1523.42367042289	1909.40965058313	NA	2000	1890.31286298307	2000	1948.07968092145	NA	2000	2000	2000	2000	1811.6432877343	996.955740279934	NA	2000	1771.79570647434	1866.13960252485	NA	1977.4113009608	1717.01711238743	1650.80188189801	NA	2000	1661.61441108823	2000	1972.13518625218	1693.51609492019	1941.14964902641	NA	1715.65857313744	1810.64111970455	1871.63562904011	NA	2000	1700.88710610398	1628.70145418419	1437.64606099386	NA	NA	NA	NA	NA	NA	NA	NA	NA	NA	NA	NA	2000	1564.00035610017	702.952963576896	2000	698.443826275419	2000	NA	2000	1748.90076097148	1351.23849435621	NA	1960.77910956305	1425.42212132226	1274.61873828928	1550.32235171391	1814.00418776852	NA	1780.39110553575	NA	2000	1469.70298298058	1359.10215533265	NA	1698.78621792667	1471.13494507615	1777.47181669876	1626.47193220751	1680.75766180221	1400.26832375034	2000	1935.61995426843	1620.96513355073	1153.65503451969	NA	1847.06412057077	1604.86932598866	1976.03332450887	NA	1751.0955847965	NA	2000	2000	1962.74598227563	NA	1789.22028879197	1679.46645656183	2000	2000	1146.49803828553	NA	1076.68436040626	892.731644642806	2000	NA	1684.85678247162	568.887685801521	1467.86314324278	1915.18863609118	1883.32682905804	1968.79943532516	NA	1827.60356490791	1727.57545497858	1688.03467208574	NA	1355.66092835018	2000	NA	NA	911.672594724356	1317.28929776104	2000	2000	NA	2000	2000	2000	1983.1575624284	NA	1934.059160604	1568.65762766764	2000	NA	1643.45940584616	1466.08842718371	1503.76265724588	NA	NA	1733.0184505871	1818.23531596228	1564.4611251364	2000	NA	NA	NA	NA	NA	NA	NA	NA	NA	NA	NA	NA	NA	NA	NA	NA	2000	1531.88435100286	1722.74138225948	2000	1558.0559748132	1938.22691884935	NA	1897.91593431905	2000	2000	1619.37916573915	1985.82432206567	1985.91354460718	NA	2000	2000	1783.35185207453	NA	1698.21629546342	1558.20396636884	1770.47937134363	1723.00863187602	2000	NA	2000	1998.195970453	1880.42121567309	1659.43443522467	2000	1947.31313205167	NA	2000	1811.3710368419	1698.38076791614	NA	1779.82855027304	1720.31096781227	1727.22136488376	1814.35007612841	NA	1571.1727022398	1911.0995975449	1897.08529365873	2000	358.219040839945	1792.15886410162	NA	2000	1872.82777457758	1259.03286552047	NA	1968.58190913995	1603.71087462468	1430.14052270177	NA	2000	1617.45355148213	1896.93144115849	1756.48552140314	2000	1897.5427731365	NA	1905.83368595171	1947.20650327311	2000	NA	2000	1496.93807561824	1668.41794570883	2000	NA	NA	NA	1844.2843970572	NA	NA	NA	NA	NA	NA	NA	NA	1771.79570647434	1348.25976591509	1033.37203225195	2000	827.721530502307	1596.59543294221	NA	NA	2000	897.492239689227	NA	1345.35904470112	1378.85201687033	1222.25938778821	1598.53009035155	2000	2000	1862.22883517991	NA	2000	1798.45767972982	1258.92492366752	NA	1468.74355736043	1676.91404475728	1671.82656249072	2000	972.112159652311	1756.24271468807	NA	1847.61313812661	1938.89589475867	978.262853042714	NA	2000	1815.58745040502	1611.75049490021	NA	2000	NA	2000	1909.47189287513	1433.97718235207	NA	1924.39569454747	2000	1511.0112205492	2000	2000	NA	2000	853.252776817949	2000	NA	2000	1589.84869164757	1978.7686959695	2000	1912.51467466373	1043.72466538396	NA	1380.43005034395	801.50444665051	1855.85530673721	NA	1886.6354713457	2000	NA	NA	2000	1165.50353367862	1792.48654413592	1749.65289498111	NA	1584.48198239627	2000	1660.63343871884	1475.46250065556	NA	2000	1808.23357293904	1813.87325735168	NA	2000	1928.10110372878	907.979861295364	NA	NA	2000	1502.94544609717	1690.97733758154	1404.32576383488
rep2trunc	NA	NA	NA	NA	NA	NA	NA	NA	NA	NA	NA	NA	NA	NA	NA	NA	1389.33010971785	1900.54359507793	2000	2000	2000	2000	NA	1393.65222623551	2000	2000	1828.54700654886	1955.68373177313	2000	NA	2000	2000	2000	2000	1903.87045726438	1847.21463713394	2000	2000	1826.70243702873	NA	2000	2000	2000	1619.37916573916	2000	1846.52316967483	NA	2000	1561.8219754822	2000	NA	1866.65775556917	1612.21454469405	1869.06476530231	2000	NA	2000	1469.41524540003	2000	2000	1831.34620788903	2000	NA	2000	1723.00863187602	1371.9106254764	NA	2000	1683.55999198268	1662.08818173571	NA	2000	2000	1872.87810185797	1898.58951892791	2000	1656.87463300741	NA	1973.00851472086	1819.57724922958	1970.54528678144	NA	1737.37473945876	1805.58510546624	1797.45217636343	2000	NA	NA	NA	NA	NA	NA	NA	NA	NA	NA	NA	NA	2000	1690.59286827561	910.107076370141	2000	527.015684151394	1703.16697842029	NA	2000	2000	936.450628824225	2000	1642.74350292013	1227.28543904631	1111.6297117322	1572.67979302011	1739.4133864914	NA	1723.0403825327	NA	1864.86721164946	1820.12375060984	1472.53915343675	NA	1542.65273402678	1619.76626658405	1575.50210883797	1908.34417654435	1510.39505779339	1333.22151598711	2000	1564.85629151739	1591.60768191352	1066.36541153074	NA	1662.26986808987	1036.1612291158	2000	NA	1239.99664957791	NA	2000	2000	2000	NA	1845.96342468144	1942.13568852436	1656.82303817963	2000	983.092359778907	NA	1574.42111998951	1050.78222638905	2000	2000	1823.13327734702	504.577118192164	1556.71388243333	1822.98061703898	2000	1577.57356421183	NA	1783.97705959883	1954.9021481418	1818.37344831675	NA	1531.9945401171	2000	NA	NA	NA	1094.57570839102	1811.3710368419	1794.98139624116	NA	1777.04109760746	2000	2000	1745.34561643352	NA	1857.04767327715	2000	1862.5019514406	NA	1628.72398990276	882.76079020895	1342.86008085812	NA	NA	2000	1101.01984529455	1716.5497920523	1821.73158615311	NA	NA	NA	NA	NA	NA	NA	NA	NA	NA	NA	NA	NA	NA	NA	NA	1986.66826273096	1937.07762909109	1873.4311692877	2000	2000	1915.28203407543	NA	1785.52391282188	1654.0312996882	1947.56010051763	2000	1955.16468565739	1593.91522444314	NA	2000	1755.27553719737	1523.57004677551	2000	1591.46324511297	1867.85505282379	1347.27617581043	2000	1801.29447282962	NA	2000	1533.57685222623	1646.71238921299	2000	1651.04490290412	1876.72364366873	NA	2000	2000	1473.90837961886	NA	1727.30960195703	1694.72195591905	1535.42673119528	1338.92845685667	NA	2000	1638.78511269679	1654.00399211552	2000	259.083168035594	1606.05668493569	NA	2000	1771.91742806486	1589.00962817565	NA	1283.45432207075	1758.68203145078	1604.45053915409	NA	2000	1563.34333755479	1572.03604761945	2000	1854.42525694629	1598.58759891529	NA	1592.13948365819	1923.14601652806	1465.45888733043	NA	1572.92701086583	2000	1475.37488350647	1571.3499346777	NA	NA	NA	1920.47846699448	NA	NA	NA	NA	NA	NA	NA	NA	2000	1554.88478568888	1008.98259017918	2000	511.967851631682	1335.48198484191	NA	NA	2000	894.517783381956	NA	1441.24593090535	1331.17695994785	872.213174829211	1307.51719918537	1942.18635720333	2000	1867.12869744502	NA	1872.82777457757	2000	1617.40482696354	NA	1778.07627827067	1640.1748205972	1556.8774205151	2000	1359.80131824509	1808.38080459201	2000	1953.8700305688	1759.33273230261	1294.26217878	NA	1496.21912773024	1735.4258548234	1280.95687117584	NA	1793.53075061644	NA	1859.09059524091	2000	1917.09124210107	NA	1874.69997893584	1624.5448724277	1665.68026942801	NA	NA	NA	2000	1592.44265155865	2000	NA	NA	1745.51476444571	2000	1872.82777457757	1627.59537440565	549.95848283691	NA	1803.5903239493	1965.74870742779	1376.96146146155	NA	2000	NA	NA	NA	NA	1367.6850158915	1730.28254909665	1620.06961356902	NA	1655.50584146757	1738.18580616988	1581.92057954854	1591.63889044158	NA	1825.18837954508	1987.79274691701	2000	NA	1870.04655555795	1894.4164433589	1567.7589811887	NA	NA	2000	1528.72624598756	1563.60871937025	1594.41626761094
rep3trunc	NA	NA	NA	NA	NA	NA	NA	NA	NA	NA	NA	NA	NA	NA	NA	NA	1995.02444416638	1852.21534389744	2000	2000	1792.60228435048	2000	NA	1872.82777457757	1801.16512293675	1522.44642667557	1771.91742806486	1889.40534613955	1605.50014416655	NA	2000	2000	2000	1877.0603758791	1990.12848297208	1725.4587448863	2000	1771.91742806486	2000	NA	2000	1904.83766002783	1832.95460241511	2000	2000	1921.9468584225	NA	2000	1828.54700654885	2000	NA	1796.50588526427	1780.83930642894	1788.08697295712	1921.80440203416	NA	2000	1929.79250060081	1824.24385193481	2000	1612.01522785337	1796.59272723053	NA	2000	1950.74321608302	2000	NA	1758.74177805758	1655.61613991618	1553.26084154331	NA	2000	1804.03590684606	1762.91061438969	1763.5119497724	2000	1895.41329779211	NA	1963.55210641726	1830.62435898974	1906.1859661467	NA	1982.67782126303	1846.01880333108	1583.74333897254	2000	NA	NA	NA	NA	NA	NA	NA	NA	NA	NA	NA	NA	2000	1493.4162902027	578.906169165379	2000	709.364889719009	1805.72845570173	NA	2000	2000	1278.70123931032	NA	1479.0525607043	1964.57134432679	1378.19573707586	1817.15733023517	1833.74737398339	NA	1547.33468785925	NA	1801.21373097127	1685.55624888419	1600.44764530904	NA	1720.48129636485	1677.64772335495	1841.45825002837	1620.63298690304	1274.11228308426	1814.92131468664	2000	1816.78121937836	1778.99520741807	1236.16590994406	NA	1737.20556011978	1749.5878908319	1482.2166791375	NA	1413.16232553488	NA	1329.03655008686	2000	1960.99513140372	NA	1479.05256070431	1977.4113009608	1915.14688132255	2000	1159.3518924585	NA	1667.87818435296	1239.61190607273	1879.77788168097	2000	1907.98586075157	884.3779031881	1592.57028777631	2000	1956.12071083768	1628.21077397591	NA	1867.6737691333	1838.03401184295	1477.13997954413	NA	1696.62467306089	2000	NA	NA	2000	1533.76639675968	1920.39723675708	2000	NA	1704.26626208397	2000	2000	1855.94177082479	NA	2000	1795.04877951244	1710.32649015645	NA	1501.00500372342	1463.97011772276	1368.44643126323	NA	NA	2000	2000	1894.78987940762	1957.52715663065	NA	NA	NA	NA	NA	NA	NA	NA	NA	NA	NA	NA	NA	NA	NA	NA	2000	1992.5729105422	1905.00567952011	2000	1454.02850175435	1642.70420382757	NA	1684.08603284287	1473.26254722314	1980.64881499627	2000	1690.51502387031	2000	NA	2000	2000	1288.36840444348	2000	2000	1726.20575191797	1657.6597687246	1413.06119744287	1639.8102803102	NA	2000	1562.89546373458	1597.98793760934	1659.43443522466	1986.55537775746	1743.74630164848	NA	1771.91742806486	2000	1732.32993498642	NA	1530.40297292555	1781.36373811095	1584.54873159434	1721.96539821312	NA	2000	2000	1784.11131534365	2000	411.919620453809	1814.00418776852	NA	2000	2000	1558.23959952849	NA	1747.17362078911	1775.37158330652	1535.64541246781	NA	1571.34993467772	1872.65834730031	1588.65611534196	2000	1446.01019820163	2000	NA	1876.47782284028	2000	1776.95222692594	NA	1855.05980118834	1879.8926978327	1798.2089236775	2000	NA	NA	NA	1811.37103684189	NA	NA	NA	NA	NA	NA	NA	NA	1693.5160949202	1117.91876223554	1286.14060917036	2000	617.456413936415	1611.48516545177	NA	NA	2000	1137.62361646289	NA	1419.72189396852	1435.33825869675	856.381226203059	1566.7326701266	1760.16140088622	2000	1511.09977465187	NA	2000	1973.07550339664	1565.40561262926	NA	1490.56541706868	1502.16377774926	1439.54122044148	1666.65970053601	1060.49370484048	2000	NA	1601.08532667899	1586.04668882403	1149.99290381522	NA	2000	1598.81319401508	1444.02602368558	2000	1659.65940061175	NA	1748.90076097149	2000	1727.41997430831	NA	2000	1669.99258796191	1602.65011540333	NA	2000	NA	NA	1417.02837571957	1879.77788168097	2000	2000	1332.81598763569	1949.2874401642	1703.08979777372	1852.70266548622	1392.06101393721	NA	2000	1653.10732026509	1548.10772567605	NA	1498.82914211291	NA	NA	NA	1339.38327025565	1455.96352393318	1844.38545248802	1877.78632841148	NA	1634.66787580139	1923.49390287723	1939.3371231576	1742.75042340659	NA	1736.23737265562	1327.37620051763	1765.55134069974	NA	1807.77104213693	1884.22387280153	1194.76506406841	NA	NA	2000	1990.08775598805	1435.78138195311	1583.45793627327
rep4trunc	NA	NA	NA	NA	NA	NA	NA	NA	NA	NA	NA	NA	NA	NA	NA	NA	1909.38798355538	2000	2000	2000	2000	1824.19048140337	NA	1885.64236182818	2000	1751.68833402075	1693.51609492018	1737.77487901488	1846.97230133939	NA	1619.21437784979	2000	1645.18271336541	1713.88941859002	1995.02444416638	1854.3554159318	2000	2000	2000	NA	2000	1521.29122679739	2000	2000	2000	1812.83455532224	NA	2000	2000	2000	NA	1761.66948054386	1929.7227729634	1944.93363164073	1885.45948188901	NA	2000	1608.67821621475	1744.66003581721	1636.16050174576	1661.35673065145	2000	NA	2000	2000	1921.180808325	NA	1670.39344998124	1862.49407145768	1725.73151776289	NA	1415.87714799379	1856.78223342866	1541.05440700041	1603.47251764606	2000	1824.18386638389	NA	1555.86501959231	1927.73253648325	1829.212582868	NA	2000	2000	1925.15270468788	2000	NA	NA	NA	NA	NA	NA	NA	NA	NA	NA	NA	NA	2000	1564.18082995594	586.642243818306	2000	668.363415168086	2000	NA	2000	1659.28054258029	1258.40182458131	NA	1421.4219039076	2000	1396.91687586328	1522.60207678226	1463.49786477904	NA	1863.02760157696	NA	1760.27202094946	1269.44986850319	1839.09164790344	NA	1698.92678268127	1652.87669285285	2000	1882.37867848183	1445.31335763991	1504.28001566807	2000	1753.68947803533	1679.94775996947	985.113005440663	NA	1763.16391904834	1714.21389397235	1831.59919957135	NA	1527.0541888701	NA	2000	2000	1500.17249864666	NA	2000	2000	1778.47979103224	2000	973.385131569421	NA	1348.26042806794	1269.61092138344	1737.98180279479	NA	1958.9535311038	448.512462323889	1293.09972337081	1792.89654036247	2000	2000	NA	1883.27622781593	2000	2000	NA	1535.70265273939	2000	NA	NA	2000	1459.04385874615	2000	1977.95261931175	NA	1835.11740915079	1811.26068278022	2000	1623.55808860603	NA	2000	1866.53810532246	2000	NA	1468.57205812565	1566.00045966479	895.830726916139	NA	NA	1971.31082546983	1736.84376308772	1983.72325991866	1744.00666806693	NA	NA	NA	NA	NA	NA	NA	NA	NA	NA	NA	NA	NA	NA	NA	NA	2000	2000	2000	2000	2000	1750.72047771105	NA	1551.61537861177	1707.4212143445	1670.58320137958	1748.9007609715	1768.32245044734	1573.06857051615	NA	2000	2000	1608.04612201365	2000	1704.12520745139	1776.15412785335	1993.03379859614	2000	1642.83752890215	NA	2000	1637.33063505213	1988.72239580481	2000	2000	1750.6134839333	NA	2000	2000	1682.83382777456	NA	1346.40650357761	1693.12945656894	1347.58015636833	2000	NA	2000	1736.49674015741	1944.10386624756	1789.36961990355	389.941799876182	1955.99877685642	NA	NA	1693.37177034732	1708.36771799046	NA	1557.3455342181	1645.13730450842	1658.75176295082	NA	2000	1412.86940905559	1861.11598562114	2000	1893.46894547125	1741.02446401122	NA	2000	2000	1582.85844709817	NA	2000	1791.75488856016	1752.93334771208	2000	NA	NA	NA	2000	NA	NA	NA	NA	NA	NA	NA	NA	2000	1150.11040338166	875.611698616582	2000	740.508261792021	1445.64168632112	NA	2000	2000	1091.69268064266	NA	1436.04609647529	1217.72279068894	1202.99617668874	1744.26982549264	2000	2000	1713.39653131083	NA	2000	1866.1686294655	1522.15029246562	NA	1579.11549678935	1767.79406225619	1524.50461346072	2000	990.409449279241	1695.22417631991	2000	2000	1448.11079561173	1169.03694401829	NA	1904.04632131539	1641.36263320145	1523.17892302149	2000	2000	NA	1619.37916573916	2000	1772.49594411813	NA	1635.50470107029	1964.57315326317	1704.31091530612	NA	2000	NA	NA	1178.16679719984	1737.9818027948	2000	2000	1440.30943303443	1760.53984164399	2000	2000	1456.42449568859	NA	1933.35726406543	1807.54928750559	1560.23759271844	NA	1392.00702721017	NA	NA	NA	2000	1261.8865689044	1909.38798355537	1763.72301884452	NA	1745.94266134067	1930.93445285735	1773.94500608415	1838.420273672	NA	2000	1703.28289384632	1685.22081932966	NA	1530.54345517298	1632.59797370128	757.360014143021	NA	NA	1816.58879530402	1621.98367032565	1551.4525856318	1530.90497847806
rep5trunc	NA	NA	NA	NA	NA	NA	NA	NA	NA	NA	NA	NA	NA	NA	NA	NA	1679.3495284493	2000	2000	1659.43443522467	1723.00863187602	2000	NA	1275.93164166922	1522.75558144144	1791.43624107395	2000	2000	1843.52171677559	NA	2000	2000	1841.95061194895	2000	1849.99733388362	2000	1615.35204116051	2000	2000	NA	2000	2000	1831.13117441101	1771.91742806486	2000	1638.31547767733	NA	2000	1792.48654413591	2000	NA	2000	1768.38019243029	1829.04120442339	2000	NA	1339.38327025567	2000	1932.87885387332	1760.81560741164	1686.64152087564	1631.75821907201	NA	2000	1748.77236466359	2000	NA	2000	2000	2000	NA	2000	1739.58689832099	2000	1699.72250133206	2000	1628.44086017685	NA	2000	1838.58080427122	2000	NA	1700.34972973498	2000	1807.65748601747	2000	NA	NA	NA	NA	NA	NA	NA	NA	NA	NA	NA	NA	2000	1606.52450603569	914.564836281799	2000	730.473904040159	1783.58667759846	NA	2000	2000	1639.30227818114	NA	1801.21373097127	1585.13556893661	1046.51052319885	1677.54812448156	1874.62634553654	NA	1618.89995117321	NA	1886.6788200085	1746.87012068805	1522.82910230472	NA	1925.09104036215	1632.65971436091	1449.74126689884	1850.00830493816	1652.90562569917	1702.24351629372	NA	1646.65404134088	1741.11202852263	1539.88388185	NA	1668.94928997913	1611.76572399698	1780.57003127119	NA	2000	NA	2000	1828.54700654885	1952.49545621916	NA	1976.52901489184	1594.00712519162	1960.03920076439	2000	1049.69630449675	NA	1313.54434816	1321.99691934047	2000	2000	1839.78234449524	657.714704764338	1538.34556778446	1861.45843623844	2000	1940.20735409354	NA	1683.95899112556	1300.1328266038	1998.10514363652	NA	1861.3997201359	NA	NA	NA	1001.25570639225	1053.02108738766	2000	1821.48385517625	NA	2000	2000	1951.19720045789	2000	NA	1932.8075521048	1624.54494979595	1619.06316535334	NA	1710.28879093964	934.316434133234	1118.87642420568	NA	NA	2000	1524.67251112614	2000	2000	NA	NA	NA	NA	NA	NA	NA	NA	NA	NA	NA	NA	NA	NA	NA	NA	2000	2000	1575.03546961813	2000	2000	1621.71603465578	NA	1626.10249008749	1520.19713576171	1789.94660678835	1411.87232676795	612.953265191688	2000	NA	2000	1755.34644775331	1901.69552941447	NA	1861.95008813576	1632.99213581524	1811.5080266841	2000	1676.79990020713	NA	2000	1356.97515622937	1794.8227278818	1416.66560792583	1915.31741794059	1538.91561088304	NA	2000	2000	1581.52356220084	NA	1582.73036591111	1544.24271498399	1579.6695351477	1760.29319664483	NA	1771.79570647433	1126.24431038699	1797.32436539181	1748.90076097149	440.525975410467	1824.01247792997	NA	2000	1771.91742806486	1540.14043304931	NA	1621.39621272961	1847.21087935095	1554.79223788809	NA	2000	1878.46015045413	1879.69056066241	1796.50588526428	1822.39739989855	1999.11521568963	NA	1801.16512293674	2000	1638.00507486878	NA	1800.30246089327	1784.06174777405	1856.13409280954	2000	NA	NA	NA	2000	NA	NA	NA	NA	NA	NA	NA	NA	2000	1331.63109084016	1211.96287597063	2000	531.351815492644	1685.21932224794	NA	2000	2000	1070.26241620883	NA	1770.4317809609	1560.27029689847	943.357010432646	1801.59618974215	2000	2000	1659.04305644546	NA	1770.75244240522	2000	1416.68222307646	NA	1529.17131894263	1723.81286938855	1609.94625827798	1938.57927686433	953.856611667763	1887.92961026977	NA	1856.97837060365	2000	1413.79875115444	NA	2000	1717.36219535618	1556.04137547099	2000	2000	NA	2000	2000	1781.04749141774	NA	1920.84231177782	1828.83582975265	1757.38327624294	NA	2000	NA	NA	1194.96649928869	2000	NA	NA	1452.13676736944	1987.81114097135	1897.91593431905	1884.46739545919	1651.3048332955	NA	1819.05732412327	1055.59722571741	1743.42505742568	NA	2000	NA	NA	NA	2000	1355.79750478923	1859.09059524091	1657.4929675506	NA	1651.09904245212	2000	1774.56860106413	1772.63303288316	NA	1841.00950636067	1724.56852665345	1845.36368634288	NA	2000	1880.07943007769	1578.53542931088	NA	NA	2000	1542.42054235944	1381.73302486804	1373.06744841514
