No.	Size	Members
1	2	{22, 216}
2	2	{67, 121}
3	2	{224, 232}
4	2	{150, 264}
5	2	{24, 248}
6	2	{150, 153}
7	3	{132, 133, 185}
8	2	{133, 185}
9	3	{67, 120, 121}
10	2	{247, 248}
11	2	{41, 73}
12	2	{120, 121}
13	2	{135, 137}
14	3	{24, 247, 248}
15	2	{54, 55}
16	2	{7, 36}
17	2	{222, 229}
18	4	{98, 160, 162, 213}
19	3	{160, 162, 213}
20	2	{84, 86}
21	2	{85, 192}
22	2	{38, 192}
23	4	{66, 69, 108, 124}
24	2	{164, 212}
25	2	{6, 53}
26	2	{149, 257}
27	2	{129, 130}
28	2	{4, 65}
29	2	{225, 226}
30	2	{38, 85}
31	2	{108, 124}
32	2	{254, 255}
33	3	{66, 108, 124}
34	2	{160, 162}
35	2	{34, 35}
36	2	{163, 258}
37	4	{65, 66, 108, 124}
38	2	{192, 193}
39	2	{163, 259}
40	3	{3, 243, 258}
41	2	{258, 259}
42	2	{21, 127}
43	3	{163, 258, 259}
44	2	{3, 243}
45	3	{245, 246, 260}
46	2	{245, 246}
47	2	{255, 262}
48	2	{69, 119}
49	2	{254, 262}
50	2	{181, 214}
51	3	{129, 130, 198}
52	3	{225, 226, 230}
53	2	{129, 198}
54	2	{65, 119}
55	4	{66, 108, 119, 124}
56	2	{130, 198}
57	2	{88, 101}
58	2	{67, 120}
59	3	{150, 153, 264}
60	3	{95, 168, 261}
61	2	{24, 247}
62	2	{153, 264}
63	2	{71, 72}
64	2	{95, 168}
65	2	{70, 154}
66	2	{279, 281}
67	2	{105, 106}
68	2	{97, 170}
69	2	{136, 138}
70	3	{149, 251, 267}
71	4	{149, 251, 257, 267}
72	2	{90, 96}
73	2	{43, 64}
74	2	{251, 267}
75	3	{251, 257, 267}
76	2	{68, 122}
77	2	{249, 263}
78	2	{9, 11}
79	2	{256, 266}
80	2	{193, 282}
81	3	{192, 193, 282}
82	4	{10, 21, 28, 127}
83	2	{118, 123}
84	2	{28, 127}
85	3	{21, 28, 127}
86	2	{21, 28}
87	2	{250, 279}
88	16	{4, 65, 66, 67, 69, 74, 75, 77, 105, 106, 108, 109, 119, 120, 121, 124}
89	4	{60, 82, 184, 209}
90	3	{256, 265, 266}
91	14	{4, 65, 66, 67, 69, 74, 75, 77, 108, 109, 119, 120, 121, 124}
92	4	{155, 167, 181, 214}
93	3	{155, 167, 214}
94	2	{5, 187}
95	3	{155, 167, 181}
96	2	{155, 167}
97	2	{250, 281}
98	2	{136, 139}
99	2	{138, 139}
100	2	{29, 58}
101	3	{45, 161, 248}
102	4	{24, 45, 161, 248}
103	3	{41, 61, 73}
104	4	{45, 161, 247, 248}
105	5	{24, 45, 161, 247, 248}
106	2	{149, 251}
107	3	{149, 251, 257}
108	2	{157, 158}
109	2	{45, 161}
110	2	{251, 257}
111	2	{68, 76}
112	2	{92, 183}
113	2	{13, 103}
114	3	{24, 45, 161}
115	2	{41, 61}
116	3	{45, 161, 247}
117	17	{4, 65, 66, 67, 69, 74, 75, 77, 105, 106, 108, 109, 119, 120, 121, 124, 172}
118	4	{24, 45, 161, 247}
119	33	{4, 5, 60, 65, 66, 67, 68, 69, 74, 75, 76, 77, 79, 82, 105, 106, 107, 108, 109, 118, 119, 120, 121, 122, 123, 124, 171, 172, 184, 187, 202, 209, 270}
120	2	{149, 267}
121	3	{149, 257, 267}
122	2	{76, 122}
123	2	{257, 267}
124	3	{68, 76, 122}
125	2	{156, 165}
126	7	{88, 95, 101, 156, 165, 168, 261}
127	2	{104, 188}
128	4	{88, 101, 156, 165}
129	18	{4, 65, 66, 67, 69, 74, 75, 77, 105, 106, 108, 109, 119, 120, 121, 124, 172, 202}
130	29	{4, 5, 65, 66, 67, 68, 69, 74, 75, 76, 77, 79, 105, 106, 107, 108, 109, 118, 119, 120, 121, 122, 123, 124, 171, 172, 187, 202, 270}
131	2	{109, 121}
132	4	{67, 109, 120, 121}
133	3	{109, 120, 121}
134	5	{4, 67, 109, 120, 121}
135	4	{39, 46, 47, 110}
136	2	{67, 109}
137	2	{79, 270}
138	3	{5, 79, 270}
139	2	{40, 62}
140	2	{77, 119}
141	3	{67, 109, 120}
142	2	{109, 120}
143	28	{4, 5, 65, 66, 67, 68, 69, 74, 75, 76, 77, 79, 105, 106, 107, 108, 109, 118, 119, 120, 121, 122, 123, 124, 172, 187, 202, 270}
144	5	{67, 74, 109, 120, 121}
145	6	{4, 67, 74, 109, 120, 121}
146	19	{4, 65, 66, 67, 69, 74, 75, 77, 105, 106, 108, 109, 119, 120, 121, 124, 171, 172, 202}
147	3	{151, 262, 268}
148	5	{151, 254, 255, 262, 268}
149	6	{5, 68, 79, 122, 187, 270}
150	5	{5, 79, 122, 187, 270}
151	3	{151, 254, 268}
152	2	{151, 268}
153	3	{151, 255, 268}
154	5	{5, 68, 79, 187, 270}
155	3	{79, 187, 270}
156	4	{5, 79, 187, 270}
157	3	{29, 30, 58}
158	4	{132, 133, 141, 185}
159	3	{133, 141, 185}
160	8	{5, 68, 76, 79, 107, 122, 187, 270}
161	2	{235, 236}
162	2	{132, 141}
163	2	{173, 199}
164	11	{5, 68, 76, 79, 107, 118, 122, 123, 171, 187, 270}
165	10	{5, 68, 76, 79, 107, 118, 122, 123, 187, 270}
166	7	{5, 68, 76, 79, 122, 187, 270}
167	6	{5, 68, 76, 79, 187, 270}
168	5	{5, 76, 79, 187, 270}
169	15	{5, 60, 68, 76, 79, 82, 107, 118, 122, 123, 171, 184, 187, 209, 270}
170	2	{39, 47}
171	2	{23, 78}
172	2	{31, 131}
173	2	{94, 100}
174	4	{63, 129, 130, 198}
175	22	{22, 216, 217, 218, 219, 220, 221, 222, 223, 224, 225, 226, 227, 228, 229, 230, 231, 232, 233, 234, 235, 236}
176	3	{128, 152, 159}
177	2	{152, 159}
178	2	{221, 233}
179	3	{12, 31, 131}
180	2	{12, 31}
181	3	{92, 126, 183}
182	3	{39, 46, 47}
183	3	{14, 15, 258}
184	2	{96, 174}
185	2	{14, 15}
186	5	{3, 14, 15, 243, 258}
187	4	{3, 14, 15, 243}
188	24	{22, 40, 62, 216, 217, 218, 219, 220, 221, 222, 223, 224, 225, 226, 227, 228, 229, 230, 231, 232, 233, 234, 235, 236}
189	2	{104, 190}
190	2	{136, 142}
191	2	{138, 142}
192	2	{90, 174}
193	272	{0, 1, 2, 3, 4, 5, 7, 8, 9, 10, 11, 12, 13, 14, 15, 16, 17, 18, 19, 20, 21, 22, 23, 24, 25, 26, 27, 28, 29, 30, 31, 32, 33, 34, 35, 36, 37, 38, 39, 40, 41, 42, 43, 45, 46, 47, 56, 58, 59, 60, 61, 62, 63, 64, 65, 66, 67, 68, 69, 70, 71, 72, 73, 74, 75, 76, 77, 78, 79, 80, 81, 82, 83, 84, 85, 86, 87, 88, 89, 90, 91, 92, 93, 94, 95, 96, 97, 98, 99, 100, 101, 102, 103, 104, 105, 106, 107, 108, 109, 110, 111, 112, 113, 114, 115, 116, 117, 118, 119, 120, 121, 122, 123, 124, 125, 126, 127, 128, 129, 130, 131, 132, 133, 134, 135, 136, 137, 138, 139, 140, 141, 142, 143, 144, 145, 146, 147, 148, 149, 150, 151, 152, 153, 154, 155, 156, 157, 158, 159, 160, 161, 162, 163, 164, 165, 166, 167, 168, 169, 170, 171, 172, 173, 174, 175, 176, 177, 178, 179, 180, 181, 182, 183, 184, 185, 186, 187, 188, 189, 190, 191, 192, 193, 194, 195, 196, 197, 198, 199, 200, 201, 202, 203, 204, 205, 206, 207, 208, 209, 210, 211, 212, 213, 214, 215, 216, 217, 218, 219, 220, 221, 222, 223, 224, 225, 226, 227, 228, 229, 230, 231, 232, 233, 234, 235, 236, 237, 238, 239, 240, 241, 242, 243, 244, 245, 246, 247, 248, 249, 250, 251, 252, 253, 254, 255, 256, 257, 258, 259, 260, 261, 262, 263, 264, 265, 266, 267, 268, 269, 270, 271, 272, 273, 274, 275, 276, 277, 278, 279, 280, 281, 282}
194	271	{0, 1, 2, 3, 4, 5, 7, 8, 9, 10, 11, 12, 13, 14, 15, 16, 17, 18, 19, 20, 21, 22, 23, 24, 25, 26, 27, 28, 29, 30, 31, 32, 33, 34, 35, 36, 37, 38, 39, 40, 41, 42, 43, 45, 46, 47, 58, 59, 60, 61, 62, 63, 64, 65, 66, 67, 68, 69, 70, 71, 72, 73, 74, 75, 76, 77, 78, 79, 80, 81, 82, 83, 84, 85, 86, 87, 88, 89, 90, 91, 92, 93, 94, 95, 96, 97, 98, 99, 100, 101, 102, 103, 104, 105, 106, 107, 108, 109, 110, 111, 112, 113, 114, 115, 116, 117, 118, 119, 120, 121, 122, 123, 124, 125, 126, 127, 128, 129, 130, 131, 132, 133, 134, 135, 136, 137, 138, 139, 140, 141, 142, 143, 144, 145, 146, 147, 148, 149, 150, 151, 152, 153, 154, 155, 156, 157, 158, 159, 160, 161, 162, 163, 164, 165, 166, 167, 168, 169, 170, 171, 172, 173, 174, 175, 176, 177, 178, 179, 180, 181, 182, 183, 184, 185, 186, 187, 188, 189, 190, 191, 192, 193, 194, 195, 196, 197, 198, 199, 200, 201, 202, 203, 204, 205, 206, 207, 208, 209, 210, 211, 212, 213, 214, 215, 216, 217, 218, 219, 220, 221, 222, 223, 224, 225, 226, 227, 228, 229, 230, 231, 232, 233, 234, 235, 236, 237, 238, 239, 240, 241, 242, 243, 244, 245, 246, 247, 248, 249, 250, 251, 252, 253, 254, 255, 256, 257, 258, 259, 260, 261, 262, 263, 264, 265, 266, 267, 268, 269, 270, 271, 272, 273, 274, 275, 276, 277, 278, 279, 280, 281, 282}
195	4	{13, 104, 188, 190}
196	2	{139, 142}
197	3	{138, 139, 142}
198	4	{136, 138, 139, 142}
199	2	{125, 269}
200	2	{188, 190}
201	3	{104, 188, 190}
202	4	{103, 104, 188, 190}
203	4	{6, 48, 53, 55}
204	5	{6, 48, 53, 54, 55}
205	2	{6, 48}
206	3	{6, 48, 53}
207	2	{48, 53}
208	4	{6, 48, 53, 54}
209	2	{5, 79}
210	2	{206, 279}
211	2	{16, 27}
212	2	{206, 250}
213	2	{79, 187}
214	3	{5, 79, 187}
215	2	{5, 270}
216	24	{8, 9, 10, 11, 13, 18, 21, 28, 63, 81, 103, 104, 127, 129, 130, 152, 159, 182, 186, 188, 190, 198, 237, 238}
217	25	{8, 9, 10, 11, 13, 18, 21, 28, 63, 81, 103, 104, 127, 128, 129, 130, 152, 159, 182, 186, 188, 190, 198, 237, 238}
218	11	{13, 21, 28, 103, 104, 127, 186, 188, 190, 237, 238}
219	15	{10, 13, 21, 28, 103, 104, 127, 129, 130, 186, 188, 190, 198, 237, 238}
220	12	{10, 13, 21, 28, 103, 104, 127, 186, 188, 190, 237, 238}
221	6	{13, 104, 188, 190, 237, 238}
222	7	{13, 103, 104, 188, 190, 237, 238}
223	8	{13, 103, 104, 186, 188, 190, 237, 238}
224	2	{187, 270}
225	3	{5, 187, 270}
226	9	{10, 13, 103, 104, 186, 188, 190, 237, 238}
227	2	{237, 238}
228	3	{103, 237, 238}
229	2	{12, 175}
230	3	{13, 237, 238}
231	4	{13, 103, 237, 238}
232	2	{140, 143}
233	3	{136, 140, 143}
234	3	{138, 140, 143}
235	22	{8, 9, 10, 11, 13, 18, 21, 28, 63, 81, 103, 104, 127, 129, 130, 182, 186, 188, 190, 198, 237, 238}
236	23	{8, 9, 10, 11, 13, 18, 21, 28, 63, 81, 103, 104, 127, 128, 129, 130, 182, 186, 188, 190, 198, 237, 238}
237	3	{139, 140, 143}
238	16	{10, 13, 21, 28, 63, 103, 104, 127, 129, 130, 186, 188, 190, 198, 237, 238}
239	17	{8, 10, 13, 21, 28, 63, 103, 104, 127, 129, 130, 186, 188, 190, 198, 237, 238}
240	13	{10, 13, 21, 28, 63, 103, 104, 127, 186, 188, 190, 237, 238}
241	15	{39, 46, 47, 70, 110, 154, 206, 250, 253, 256, 265, 266, 279, 280, 281}
242	2	{26, 112}
243	5	{33, 34, 35, 197, 239}
244	2	{80, 99}
245	3	{80, 96, 99}
246	2	{33, 239}
247	3	{33, 34, 239}
248	3	{33, 35, 239}
249	4	{33, 34, 35, 239}
250	2	{207, 278}
251	2	{49, 56}
252	2	{17, 25}
253	3	{80, 90, 99}
254	8	{14, 15, 151, 254, 255, 262, 268, 271}
255	11	{3, 14, 15, 151, 243, 254, 255, 258, 262, 268, 271}
256	10	{3, 14, 15, 151, 243, 254, 255, 262, 268, 271}
257	4	{17, 25, 157, 158}
258	3	{140, 142, 143}
259	5	{136, 138, 140, 142, 143}
260	2	{254, 271}
261	2	{255, 271}
262	4	{254, 255, 262, 271}
263	2	{262, 271}
264	5	{136, 139, 140, 142, 143}
265	5	{138, 139, 140, 142, 143}
266	6	{136, 138, 139, 140, 142, 143}
267	8	{135, 136, 137, 138, 139, 140, 142, 143}
268	9	{2, 135, 136, 137, 138, 139, 140, 142, 143}
269	3	{80, 99, 174}
270	29	{22, 33, 34, 35, 40, 62, 197, 216, 217, 218, 219, 220, 221, 222, 223, 224, 225, 226, 227, 228, 229, 230, 231, 232, 233, 234, 235, 236, 239}
271	273	{0, 1, 2, 3, 4, 5, 7, 8, 9, 10, 11, 12, 13, 14, 15, 16, 17, 18, 19, 20, 21, 22, 23, 24, 25, 26, 27, 28, 29, 30, 31, 32, 33, 34, 35, 36, 37, 38, 39, 40, 41, 42, 43, 45, 46, 47, 49, 56, 58, 59, 60, 61, 62, 63, 64, 65, 66, 67, 68, 69, 70, 71, 72, 73, 74, 75, 76, 77, 78, 79, 80, 81, 82, 83, 84, 85, 86, 87, 88, 89, 90, 91, 92, 93, 94, 95, 96, 97, 98, 99, 100, 101, 102, 103, 104, 105, 106, 107, 108, 109, 110, 111, 112, 113, 114, 115, 116, 117, 118, 119, 120, 121, 122, 123, 124, 125, 126, 127, 128, 129, 130, 131, 132, 133, 134, 135, 136, 137, 138, 139, 140, 141, 142, 143, 144, 145, 146, 147, 148, 149, 150, 151, 152, 153, 154, 155, 156, 157, 158, 159, 160, 161, 162, 163, 164, 165, 166, 167, 168, 169, 170, 171, 172, 173, 174, 175, 176, 177, 178, 179, 180, 181, 182, 183, 184, 185, 186, 187, 188, 189, 190, 191, 192, 193, 194, 195, 196, 197, 198, 199, 200, 201, 202, 203, 204, 205, 206, 207, 208, 209, 210, 211, 212, 213, 214, 215, 216, 217, 218, 219, 220, 221, 222, 223, 224, 225, 226, 227, 228, 229, 230, 231, 232, 233, 234, 235, 236, 237, 238, 239, 240, 241, 242, 243, 244, 245, 246, 247, 248, 249, 250, 251, 252, 253, 254, 255, 256, 257, 258, 259, 260, 261, 262, 263, 264, 265, 266, 267, 268, 269, 270, 271, 272, 273, 274, 275, 276, 277, 278, 279, 280, 281, 282}
272	272	{0, 1, 2, 3, 4, 5, 7, 8, 9, 10, 11, 12, 13, 14, 15, 16, 17, 18, 19, 20, 21, 22, 23, 24, 25, 26, 27, 28, 29, 30, 31, 32, 33, 34, 35, 36, 37, 38, 39, 40, 41, 42, 43, 45, 46, 47, 49, 58, 59, 60, 61, 62, 63, 64, 65, 66, 67, 68, 69, 70, 71, 72, 73, 74, 75, 76, 77, 78, 79, 80, 81, 82, 83, 84, 85, 86, 87, 88, 89, 90, 91, 92, 93, 94, 95, 96, 97, 98, 99, 100, 101, 102, 103, 104, 105, 106, 107, 108, 109, 110, 111, 112, 113, 114, 115, 116, 117, 118, 119, 120, 121, 122, 123, 124, 125, 126, 127, 128, 129, 130, 131, 132, 133, 134, 135, 136, 137, 138, 139, 140, 141, 142, 143, 144, 145, 146, 147, 148, 149, 150, 151, 152, 153, 154, 155, 156, 157, 158, 159, 160, 161, 162, 163, 164, 165, 166, 167, 168, 169, 170, 171, 172, 173, 174, 175, 176, 177, 178, 179, 180, 181, 182, 183, 184, 185, 186, 187, 188, 189, 190, 191, 192, 193, 194, 195, 196, 197, 198, 199, 200, 201, 202, 203, 204, 205, 206, 207, 208, 209, 210, 211, 212, 213, 214, 215, 216, 217, 218, 219, 220, 221, 222, 223, 224, 225, 226, 227, 228, 229, 230, 231, 232, 233, 234, 235, 236, 237, 238, 239, 240, 241, 242, 243, 244, 245, 246, 247, 248, 249, 250, 251, 252, 253, 254, 255, 256, 257, 258, 259, 260, 261, 262, 263, 264, 265, 266, 267, 268, 269, 270, 271, 272, 273, 274, 275, 276, 277, 278, 279, 280, 281, 282}
273	7	{151, 254, 255, 258, 262, 268, 271}
274	6	{151, 254, 255, 262, 268, 271}
275	5	{151, 255, 262, 268, 271}
276	8	{3, 151, 243, 254, 255, 262, 268, 271}
277	3	{151, 268, 271}
278	5	{151, 254, 255, 268, 271}
279	2	{37, 144}
280	3	{89, 93, 176}
281	2	{93, 176}
282	72	{1, 3, 14, 15, 24, 39, 41, 45, 46, 47, 61, 70, 73, 88, 95, 101, 110, 125, 149, 150, 151, 153, 154, 155, 156, 161, 163, 165, 167, 168, 181, 206, 207, 210, 211, 214, 242, 243, 244, 245, 246, 247, 248, 249, 250, 251, 252, 253, 254, 255, 256, 257, 258, 259, 260, 261, 262, 263, 264, 265, 266, 267, 268, 269, 271, 272, 275, 276, 278, 279, 280, 281}
283	69	{1, 3, 14, 15, 24, 39, 45, 46, 47, 70, 88, 95, 101, 110, 125, 149, 150, 151, 153, 154, 155, 156, 161, 163, 165, 167, 168, 181, 206, 207, 210, 211, 214, 242, 243, 244, 245, 246, 247, 248, 249, 250, 251, 252, 253, 254, 255, 256, 257, 258, 259, 260, 261, 262, 263, 264, 265, 266, 267, 268, 269, 271, 272, 275, 276, 278, 279, 280, 281}
284	2	{81, 182}
285	3	{7, 36, 208}
286	4	{7, 32, 36, 208}
287	2	{7, 208}
288	3	{38, 113, 116}
289	3	{85, 113, 116}
290	2	{36, 208}
291	2	{112, 145}
292	3	{113, 116, 192}
293	2	{113, 116}
294	3	{8, 81, 182}
295	3	{9, 11, 18}
296	7	{38, 85, 113, 116, 192, 193, 282}
297	199	{1, 2, 3, 7, 8, 9, 10, 11, 12, 13, 14, 15, 17, 18, 20, 21, 22, 24, 25, 26, 28, 29, 30, 31, 32, 33, 34, 35, 36, 37, 38, 39, 40, 41, 45, 46, 47, 58, 59, 61, 62, 63, 70, 73, 80, 81, 83, 85, 88, 89, 90, 91, 92, 93, 95, 96, 98, 99, 101, 102, 103, 104, 110, 112, 113, 114, 115, 116, 117, 125, 126, 127, 128, 129, 130, 131, 132, 133, 134, 135, 136, 137, 138, 139, 140, 141, 142, 143, 144, 145, 146, 147, 148, 149, 150, 151, 152, 153, 154, 155, 156, 157, 158, 159, 160, 161, 162, 163, 164, 165, 166, 167, 168, 174, 175, 176, 178, 180, 181, 182, 183, 185, 186, 188, 190, 192, 193, 195, 197, 198, 206, 207, 208, 210, 211, 212, 213, 214, 216, 217, 218, 219, 220, 221, 222, 223, 224, 225, 226, 227, 228, 229, 230, 231, 232, 233, 234, 235, 236, 237, 238, 239, 242, 243, 244, 245, 246, 247, 248, 249, 250, 251, 252, 253, 254, 255, 256, 257, 258, 259, 260, 261, 262, 263, 264, 265, 266, 267, 268, 269, 271, 272, 275, 276, 278, 279, 280, 281, 282}
298	60	{0, 4, 5, 23, 42, 60, 65, 66, 67, 68, 69, 74, 75, 76, 77, 78, 79, 82, 84, 86, 87, 94, 97, 100, 105, 106, 107, 108, 109, 118, 119, 120, 121, 122, 123, 124, 169, 170, 171, 172, 177, 179, 184, 187, 189, 191, 194, 196, 201, 202, 203, 204, 205, 209, 215, 240, 270, 273, 274, 277}
299	61	{0, 4, 5, 23, 42, 60, 65, 66, 67, 68, 69, 74, 75, 76, 77, 78, 79, 82, 84, 86, 87, 94, 97, 100, 105, 106, 107, 108, 109, 118, 119, 120, 121, 122, 123, 124, 169, 170, 171, 172, 177, 179, 184, 187, 189, 191, 194, 196, 200, 201, 202, 203, 204, 205, 209, 215, 240, 270, 273, 274, 277}
300	57	{0, 4, 5, 23, 42, 60, 65, 66, 67, 68, 69, 74, 75, 76, 77, 78, 79, 82, 87, 94, 97, 100, 105, 106, 107, 108, 109, 118, 119, 120, 121, 122, 123, 124, 169, 170, 171, 172, 177, 179, 184, 187, 189, 191, 194, 196, 201, 202, 203, 205, 209, 215, 240, 270, 273, 274, 277}
301	59	{0, 4, 5, 23, 42, 60, 65, 66, 67, 68, 69, 74, 75, 76, 77, 78, 79, 82, 84, 86, 87, 94, 97, 100, 105, 106, 107, 108, 109, 118, 119, 120, 121, 122, 123, 124, 169, 170, 171, 172, 177, 179, 184, 187, 189, 191, 194, 196, 201, 202, 203, 205, 209, 215, 240, 270, 273, 274, 277}
302	2	{205, 240}
303	15	{70, 150, 153, 154, 206, 250, 253, 256, 264, 265, 266, 272, 279, 280, 281}
304	72	{0, 4, 5, 16, 19, 23, 27, 42, 43, 60, 64, 65, 66, 67, 68, 69, 71, 72, 74, 75, 76, 77, 78, 79, 82, 84, 86, 87, 94, 97, 100, 105, 106, 107, 108, 109, 111, 118, 119, 120, 121, 122, 123, 124, 169, 170, 171, 172, 173, 177, 179, 184, 187, 189, 191, 194, 196, 199, 200, 201, 202, 203, 204, 205, 209, 215, 240, 241, 270, 273, 274, 277}
305	19	{39, 46, 47, 70, 110, 150, 153, 154, 206, 250, 253, 256, 264, 265, 266, 272, 279, 280, 281}
306	21	{39, 46, 47, 70, 110, 150, 153, 154, 206, 249, 250, 253, 256, 263, 264, 265, 266, 272, 279, 280, 281}
307	3	{150, 264, 272}
308	2	{264, 272}
309	3	{150, 153, 272}
310	2	{153, 272}
311	2	{150, 272}
312	4	{150, 153, 264, 272}
313	3	{153, 264, 272}
314	11	{2, 37, 135, 136, 137, 138, 139, 140, 142, 143, 144}
315	18	{10, 13, 21, 28, 63, 81, 103, 104, 127, 129, 130, 182, 186, 188, 190, 198, 237, 238}
316	19	{8, 10, 13, 21, 28, 63, 81, 103, 104, 127, 129, 130, 182, 186, 188, 190, 198, 237, 238}
317	2	{26, 145}
318	2	{177, 196}
319	274	{0, 1, 2, 3, 4, 5, 7, 8, 9, 10, 11, 12, 13, 14, 15, 16, 17, 18, 19, 20, 21, 22, 23, 24, 25, 26, 27, 28, 29, 30, 31, 32, 33, 34, 35, 36, 37, 38, 39, 40, 41, 42, 43, 45, 46, 47, 49, 50, 56, 58, 59, 60, 61, 62, 63, 64, 65, 66, 67, 68, 69, 70, 71, 72, 73, 74, 75, 76, 77, 78, 79, 80, 81, 82, 83, 84, 85, 86, 87, 88, 89, 90, 91, 92, 93, 94, 95, 96, 97, 98, 99, 100, 101, 102, 103, 104, 105, 106, 107, 108, 109, 110, 111, 112, 113, 114, 115, 116, 117, 118, 119, 120, 121, 122, 123, 124, 125, 126, 127, 128, 129, 130, 131, 132, 133, 134, 135, 136, 137, 138, 139, 140, 141, 142, 143, 144, 145, 146, 147, 148, 149, 150, 151, 152, 153, 154, 155, 156, 157, 158, 159, 160, 161, 162, 163, 164, 165, 166, 167, 168, 169, 170, 171, 172, 173, 174, 175, 176, 177, 178, 179, 180, 181, 182, 183, 184, 185, 186, 187, 188, 189, 190, 191, 192, 193, 194, 195, 196, 197, 198, 199, 200, 201, 202, 203, 204, 205, 206, 207, 208, 209, 210, 211, 212, 213, 214, 215, 216, 217, 218, 219, 220, 221, 222, 223, 224, 225, 226, 227, 228, 229, 230, 231, 232, 233, 234, 235, 236, 237, 238, 239, 240, 241, 242, 243, 244, 245, 246, 247, 248, 249, 250, 251, 252, 253, 254, 255, 256, 257, 258, 259, 260, 261, 262, 263, 264, 265, 266, 267, 268, 269, 270, 271, 272, 273, 274, 275, 276, 277, 278, 279, 280, 281, 282}
320	4	{26, 112, 145, 178}
321	2	{83, 147}
322	2	{1, 275}
323	3	{83, 147, 195}
324	2	{71, 241}
325	2	{72, 241}
326	2	{82, 184}
327	3	{71, 72, 241}
328	5	{43, 64, 71, 72, 241}
329	2	{60, 209}
330	2	{44, 51}
331	3	{82, 171, 184}
332	3	{114, 157, 158}
333	31	{4, 5, 65, 66, 67, 68, 69, 74, 75, 76, 77, 79, 82, 105, 106, 107, 108, 109, 118, 119, 120, 121, 122, 123, 124, 171, 172, 184, 187, 202, 270}
334	7	{31, 89, 93, 131, 146, 175, 176}
335	8	{12, 31, 89, 93, 131, 146, 175, 176}
336	17	{2, 80, 83, 90, 96, 99, 135, 136, 137, 138, 139, 140, 142, 143, 147, 174, 195}
337	13	{5, 68, 76, 79, 82, 107, 118, 122, 123, 171, 184, 187, 270}
338	12	{5, 68, 76, 79, 82, 107, 118, 122, 123, 184, 187, 270}
339	5	{89, 93, 146, 175, 176}
340	6	{83, 90, 96, 147, 174, 195}
341	6	{12, 89, 93, 146, 175, 176}
342	2	{19, 111}
343	3	{19, 111, 199}
344	5	{19, 111, 173, 199, 200}
345	3	{19, 111, 173}
346	4	{19, 111, 173, 199}
347	10	{37, 80, 83, 90, 96, 99, 144, 147, 174, 195}
348	2	{273, 277}
349	2	{145, 178}
350	3	{215, 273, 277}
351	3	{17, 25, 114}
352	6	{17, 25, 102, 114, 157, 158}
353	5	{17, 25, 114, 157, 158}
354	7	{17, 25, 59, 102, 114, 157, 158}
355	6	{17, 25, 59, 114, 157, 158}
356	114	{1, 3, 8, 9, 10, 11, 13, 14, 15, 18, 21, 24, 26, 28, 39, 41, 45, 46, 47, 61, 63, 70, 73, 81, 88, 91, 92, 95, 98, 101, 103, 104, 110, 112, 125, 126, 127, 128, 129, 130, 145, 148, 149, 150, 151, 152, 153, 154, 155, 156, 159, 160, 161, 162, 163, 164, 165, 166, 167, 168, 178, 180, 181, 182, 183, 186, 188, 190, 198, 206, 207, 210, 211, 212, 213, 214, 237, 238, 242, 243, 244, 245, 246, 247, 248, 249, 250, 251, 252, 253, 254, 255, 256, 257, 258, 259, 260, 261, 262, 263, 264, 265, 266, 267, 268, 269, 271, 272, 275, 276, 278, 279, 280, 281}
357	8	{80, 83, 90, 96, 99, 147, 174, 195}
358	157	{0, 2, 4, 5, 7, 12, 16, 17, 19, 20, 22, 23, 25, 27, 29, 30, 31, 32, 33, 34, 35, 36, 37, 38, 40, 42, 43, 58, 59, 60, 62, 64, 65, 66, 67, 68, 69, 71, 72, 74, 75, 76, 77, 78, 79, 80, 82, 83, 84, 85, 86, 87, 89, 90, 93, 94, 96, 97, 99, 100, 102, 105, 106, 107, 108, 109, 111, 113, 114, 115, 116, 117, 118, 119, 120, 121, 122, 123, 124, 131, 132, 133, 134, 135, 136, 137, 138, 139, 140, 141, 142, 143, 144, 146, 147, 157, 158, 169, 170, 171, 172, 173, 174, 175, 176, 177, 179, 184, 185, 187, 189, 191, 192, 193, 194, 195, 196, 197, 199, 200, 201, 202, 203, 204, 205, 208, 209, 215, 216, 217, 218, 219, 220, 221, 222, 223, 224, 225, 226, 227, 228, 229, 230, 231, 232, 233, 234, 235, 236, 239, 240, 241, 270, 273, 274, 277, 282}
359	275	{0, 1, 2, 3, 4, 5, 7, 8, 9, 10, 11, 12, 13, 14, 15, 16, 17, 18, 19, 20, 21, 22, 23, 24, 25, 26, 27, 28, 29, 30, 31, 32, 33, 34, 35, 36, 37, 38, 39, 40, 41, 42, 43, 44, 45, 46, 47, 49, 51, 56, 58, 59, 60, 61, 62, 63, 64, 65, 66, 67, 68, 69, 70, 71, 72, 73, 74, 75, 76, 77, 78, 79, 80, 81, 82, 83, 84, 85, 86, 87, 88, 89, 90, 91, 92, 93, 94, 95, 96, 97, 98, 99, 100, 101, 102, 103, 104, 105, 106, 107, 108, 109, 110, 111, 112, 113, 114, 115, 116, 117, 118, 119, 120, 121, 122, 123, 124, 125, 126, 127, 128, 129, 130, 131, 132, 133, 134, 135, 136, 137, 138, 139, 140, 141, 142, 143, 144, 145, 146, 147, 148, 149, 150, 151, 152, 153, 154, 155, 156, 157, 158, 159, 160, 161, 162, 163, 164, 165, 166, 167, 168, 169, 170, 171, 172, 173, 174, 175, 176, 177, 178, 179, 180, 181, 182, 183, 184, 185, 186, 187, 188, 189, 190, 191, 192, 193, 194, 195, 196, 197, 198, 199, 200, 201, 202, 203, 204, 205, 206, 207, 208, 209, 210, 211, 212, 213, 214, 215, 216, 217, 218, 219, 220, 221, 222, 223, 224, 225, 226, 227, 228, 229, 230, 231, 232, 233, 234, 235, 236, 237, 238, 239, 240, 241, 242, 243, 244, 245, 246, 247, 248, 249, 250, 251, 252, 253, 254, 255, 256, 257, 258, 259, 260, 261, 262, 263, 264, 265, 266, 267, 268, 269, 270, 271, 272, 273, 274, 275, 276, 277, 278, 279, 280, 281, 282}
360	89	{1, 3, 14, 15, 24, 26, 39, 41, 45, 46, 47, 61, 70, 73, 88, 91, 92, 95, 98, 101, 110, 112, 125, 126, 145, 148, 149, 150, 151, 153, 154, 155, 156, 160, 161, 162, 163, 164, 165, 166, 167, 168, 178, 180, 181, 183, 206, 207, 210, 211, 212, 213, 214, 242, 243, 244, 245, 246, 247, 248, 249, 250, 251, 252, 253, 254, 255, 256, 257, 258, 259, 260, 261, 262, 263, 264, 265, 266, 267, 268, 269, 271, 272, 275, 276, 278, 279, 280, 281}
361	88	{1, 3, 14, 15, 24, 26, 39, 41, 45, 46, 47, 61, 70, 73, 88, 91, 92, 95, 98, 101, 110, 112, 125, 126, 145, 148, 149, 150, 151, 153, 154, 155, 156, 160, 161, 162, 163, 164, 165, 167, 168, 178, 180, 181, 183, 206, 207, 210, 211, 212, 213, 214, 242, 243, 244, 245, 246, 247, 248, 249, 250, 251, 252, 253, 254, 255, 256, 257, 258, 259, 260, 261, 262, 263, 264, 265, 266, 267, 268, 269, 271, 272, 275, 276, 278, 279, 280, 281}
362	2	{89, 146}
363	2	{26, 178}
364	3	{44, 50, 51}
365	67	{0, 4, 5, 16, 19, 23, 27, 42, 60, 65, 66, 67, 68, 69, 74, 75, 76, 77, 78, 79, 82, 84, 86, 87, 94, 97, 100, 105, 106, 107, 108, 109, 111, 118, 119, 120, 121, 122, 123, 124, 169, 170, 171, 172, 173, 177, 179, 184, 187, 189, 191, 194, 196, 199, 200, 201, 202, 203, 204, 205, 209, 215, 240, 270, 273, 274, 277}
366	64	{0, 4, 5, 19, 23, 42, 60, 65, 66, 67, 68, 69, 74, 75, 76, 77, 78, 79, 82, 84, 86, 87, 94, 97, 100, 105, 106, 107, 108, 109, 111, 118, 119, 120, 121, 122, 123, 124, 169, 170, 171, 172, 173, 177, 179, 184, 187, 189, 191, 194, 196, 199, 201, 202, 203, 204, 205, 209, 215, 240, 270, 273, 274, 277}
367	65	{0, 4, 5, 19, 23, 42, 60, 65, 66, 67, 68, 69, 74, 75, 76, 77, 78, 79, 82, 84, 86, 87, 94, 97, 100, 105, 106, 107, 108, 109, 111, 118, 119, 120, 121, 122, 123, 124, 169, 170, 171, 172, 173, 177, 179, 184, 187, 189, 191, 194, 196, 199, 200, 201, 202, 203, 204, 205, 209, 215, 240, 270, 273, 274, 277}
368	2	{112, 178}
369	4	{89, 93, 146, 176}
370	3	{93, 146, 176}
371	5	{12, 89, 93, 146, 176}
372	19	{2, 37, 80, 83, 90, 96, 99, 135, 136, 137, 138, 139, 140, 142, 143, 144, 147, 174, 195}
373	6	{31, 89, 93, 131, 146, 176}
374	7	{12, 31, 89, 93, 131, 146, 176}
375	2	{26, 148}
376	2	{20, 134}
377	5	{98, 160, 162, 180, 213}
378	4	{160, 162, 180, 213}
379	2	{115, 117}
380	2	{181, 210}
381	2	{83, 195}
382	2	{98, 180}
383	3	{181, 210, 214}
384	2	{210, 214}
385	2	{52, 57}
386	7	{38, 85, 115, 117, 192, 193, 282}
387	6	{91, 98, 160, 162, 180, 213}
388	6	{155, 167, 181, 210, 211, 214}
389	5	{155, 167, 181, 210, 214}
390	4	{155, 167, 210, 214}
391	4	{155, 167, 181, 210}
392	3	{155, 167, 210}
393	10	{45, 155, 161, 167, 181, 210, 211, 214, 247, 248}
394	11	{24, 45, 155, 161, 167, 181, 210, 211, 214, 247, 248}
395	5	{20, 29, 30, 58, 134}
396	4	{20, 29, 30, 58}
397	11	{91, 92, 98, 126, 160, 162, 164, 180, 183, 212, 213}
398	9	{91, 92, 98, 126, 160, 162, 180, 183, 213}
399	2	{112, 148}
400	275	{0, 1, 2, 3, 4, 5, 7, 8, 9, 10, 11, 12, 13, 14, 15, 16, 17, 18, 19, 20, 21, 22, 23, 24, 25, 26, 27, 28, 29, 30, 31, 32, 33, 34, 35, 36, 37, 38, 39, 40, 41, 42, 43, 45, 46, 47, 49, 52, 56, 57, 58, 59, 60, 61, 62, 63, 64, 65, 66, 67, 68, 69, 70, 71, 72, 73, 74, 75, 76, 77, 78, 79, 80, 81, 82, 83, 84, 85, 86, 87, 88, 89, 90, 91, 92, 93, 94, 95, 96, 97, 98, 99, 100, 101, 102, 103, 104, 105, 106, 107, 108, 109, 110, 111, 112, 113, 114, 115, 116, 117, 118, 119, 120, 121, 122, 123, 124, 125, 126, 127, 128, 129, 130, 131, 132, 133, 134, 135, 136, 137, 138, 139, 140, 141, 142, 143, 144, 145, 146, 147, 148, 149, 150, 151, 152, 153, 154, 155, 156, 157, 158, 159, 160, 161, 162, 163, 164, 165, 166, 167, 168, 169, 170, 171, 172, 173, 174, 175, 176, 177, 178, 179, 180, 181, 182, 183, 184, 185, 186, 187, 188, 189, 190, 191, 192, 193, 194, 195, 196, 197, 198, 199, 200, 201, 202, 203, 204, 205, 206, 207, 208, 209, 210, 211, 212, 213, 214, 215, 216, 217, 218, 219, 220, 221, 222, 223, 224, 225, 226, 227, 228, 229, 230, 231, 232, 233, 234, 235, 236, 237, 238, 239, 240, 241, 242, 243, 244, 245, 246, 247, 248, 249, 250, 251, 252, 253, 254, 255, 256, 257, 258, 259, 260, 261, 262, 263, 264, 265, 266, 267, 268, 269, 270, 271, 272, 273, 274, 275, 276, 277, 278, 279, 280, 281, 282}
401	56	{12, 17, 22, 25, 31, 33, 34, 35, 38, 40, 59, 62, 85, 89, 93, 102, 113, 114, 115, 116, 117, 131, 132, 133, 141, 146, 157, 158, 176, 185, 192, 193, 197, 216, 217, 218, 219, 220, 221, 222, 223, 224, 225, 226, 227, 228, 229, 230, 231, 232, 233, 234, 235, 236, 239, 282}
402	80	{1, 3, 14, 15, 24, 39, 45, 46, 47, 70, 88, 91, 92, 95, 98, 101, 110, 125, 126, 149, 150, 151, 153, 154, 155, 156, 160, 161, 162, 163, 164, 165, 167, 168, 180, 181, 183, 206, 207, 210, 211, 212, 213, 214, 242, 243, 244, 245, 246, 247, 248, 249, 250, 251, 252, 253, 254, 255, 256, 257, 258, 259, 260, 261, 262, 263, 264, 265, 266, 267, 268, 269, 271, 272, 275, 276, 278, 279, 280, 281}
403	84	{1, 3, 14, 15, 24, 39, 41, 45, 46, 47, 61, 70, 73, 88, 91, 92, 95, 98, 101, 110, 125, 126, 149, 150, 151, 153, 154, 155, 156, 160, 161, 162, 163, 164, 165, 166, 167, 168, 180, 181, 183, 206, 207, 210, 211, 212, 213, 214, 242, 243, 244, 245, 246, 247, 248, 249, 250, 251, 252, 253, 254, 255, 256, 257, 258, 259, 260, 261, 262, 263, 264, 265, 266, 267, 268, 269, 271, 272, 275, 276, 278, 279, 280, 281}
404	83	{1, 3, 14, 15, 24, 39, 41, 45, 46, 47, 61, 70, 73, 88, 91, 92, 95, 98, 101, 110, 125, 126, 149, 150, 151, 153, 154, 155, 156, 160, 161, 162, 163, 164, 165, 167, 168, 180, 181, 183, 206, 207, 210, 211, 212, 213, 214, 242, 243, 244, 245, 246, 247, 248, 249, 250, 251, 252, 253, 254, 255, 256, 257, 258, 259, 260, 261, 262, 263, 264, 265, 266, 267, 268, 269, 271, 272, 275, 276, 278, 279, 280, 281}
405	4	{26, 112, 145, 148}
406	7	{38, 85, 113, 115, 116, 117, 192}
407	2	{0, 274}
408	3	{112, 145, 148}
409	3	{50, 52, 57}
410	9	{38, 85, 113, 115, 116, 117, 192, 193, 282}
411	57	{12, 17, 22, 25, 31, 33, 34, 35, 38, 40, 59, 62, 85, 89, 93, 102, 113, 114, 115, 116, 117, 131, 132, 133, 141, 146, 157, 158, 175, 176, 185, 192, 193, 197, 216, 217, 218, 219, 220, 221, 222, 223, 224, 225, 226, 227, 228, 229, 230, 231, 232, 233, 234, 235, 236, 239, 282}
412	58	{12, 17, 22, 25, 31, 33, 34, 35, 38, 40, 59, 62, 85, 89, 93, 102, 113, 114, 115, 116, 117, 131, 132, 133, 134, 141, 146, 157, 158, 175, 176, 185, 192, 193, 197, 216, 217, 218, 219, 220, 221, 222, 223, 224, 225, 226, 227, 228, 229, 230, 231, 232, 233, 234, 235, 236, 239, 282}
413	2	{145, 148}
414	38	{22, 33, 34, 35, 38, 40, 62, 85, 113, 115, 116, 117, 192, 193, 197, 216, 217, 218, 219, 220, 221, 222, 223, 224, 225, 226, 227, 228, 229, 230, 231, 232, 233, 234, 235, 236, 239, 282}
415	39	{22, 33, 34, 35, 38, 40, 59, 62, 85, 113, 115, 116, 117, 192, 193, 197, 216, 217, 218, 219, 220, 221, 222, 223, 224, 225, 226, 227, 228, 229, 230, 231, 232, 233, 234, 235, 236, 239, 282}
416	85	{2, 7, 12, 17, 20, 22, 25, 29, 30, 31, 32, 33, 34, 35, 36, 37, 38, 40, 58, 59, 62, 80, 83, 85, 89, 90, 93, 96, 99, 102, 113, 114, 115, 116, 117, 131, 132, 133, 134, 135, 136, 137, 138, 139, 140, 141, 142, 143, 144, 146, 147, 157, 158, 174, 175, 176, 185, 192, 193, 195, 197, 208, 216, 217, 218, 219, 220, 221, 222, 223, 224, 225, 226, 227, 228, 229, 230, 231, 232, 233, 234, 235, 236, 239, 282}
417	6	{26, 112, 145, 148, 166, 178}
418	5	{26, 112, 145, 148, 178}
419	3	{1, 275, 276}
420	2	{96, 147}
421	4	{112, 145, 148, 178}
422	4	{1, 275, 276, 278}
423	2	{179, 215}
424	2	{90, 147}
425	4	{44, 51, 52, 57}
426	2	{147, 174}
427	48	{1, 3, 14, 15, 24, 45, 88, 95, 101, 125, 149, 151, 155, 156, 161, 163, 165, 167, 168, 181, 207, 210, 211, 214, 242, 243, 244, 245, 246, 247, 248, 251, 252, 254, 255, 257, 258, 259, 260, 261, 262, 267, 268, 269, 271, 275, 276, 278}
428	50	{1, 3, 14, 15, 24, 45, 88, 95, 101, 125, 149, 151, 155, 156, 161, 163, 165, 167, 168, 181, 207, 210, 211, 214, 242, 243, 244, 245, 246, 247, 248, 249, 251, 252, 254, 255, 257, 258, 259, 260, 261, 262, 263, 267, 268, 269, 271, 275, 276, 278}
429	4	{26, 145, 148, 178}
430	4	{1, 207, 275, 276}
431	3	{80, 99, 147}
432	3	{145, 148, 178}
433	5	{1, 207, 275, 276, 278}
434	38	{1, 24, 45, 88, 95, 101, 125, 149, 155, 156, 161, 163, 165, 167, 168, 181, 207, 210, 211, 214, 242, 244, 245, 246, 247, 248, 251, 252, 257, 258, 259, 260, 261, 267, 269, 275, 276, 278}
435	37	{1, 24, 45, 88, 95, 101, 125, 149, 155, 156, 161, 163, 165, 167, 168, 181, 207, 210, 211, 214, 242, 244, 245, 246, 247, 248, 251, 252, 257, 259, 260, 261, 267, 269, 275, 276, 278}
436	40	{1, 24, 45, 88, 95, 101, 125, 149, 155, 156, 161, 163, 165, 167, 168, 181, 207, 210, 211, 214, 242, 244, 245, 246, 247, 248, 249, 251, 252, 257, 258, 259, 260, 261, 263, 267, 269, 275, 276, 278}
437	39	{1, 24, 45, 88, 95, 101, 125, 149, 155, 156, 161, 163, 165, 167, 168, 181, 207, 210, 211, 214, 242, 244, 245, 246, 247, 248, 249, 251, 252, 257, 259, 260, 261, 263, 267, 269, 275, 276, 278}
438	2	{148, 178}
439	5	{44, 50, 51, 52, 57}
440	46	{17, 22, 25, 33, 34, 35, 38, 40, 59, 62, 85, 102, 113, 114, 115, 116, 117, 141, 157, 158, 192, 193, 197, 216, 217, 218, 219, 220, 221, 222, 223, 224, 225, 226, 227, 228, 229, 230, 231, 232, 233, 234, 235, 236, 239, 282}
441	47	{17, 22, 25, 33, 34, 35, 38, 40, 59, 62, 85, 102, 113, 114, 115, 116, 117, 132, 141, 157, 158, 192, 193, 197, 216, 217, 218, 219, 220, 221, 222, 223, 224, 225, 226, 227, 228, 229, 230, 231, 232, 233, 234, 235, 236, 239, 282}
442	48	{17, 22, 25, 33, 34, 35, 38, 40, 59, 62, 85, 102, 113, 114, 115, 116, 117, 133, 141, 157, 158, 185, 192, 193, 197, 216, 217, 218, 219, 220, 221, 222, 223, 224, 225, 226, 227, 228, 229, 230, 231, 232, 233, 234, 235, 236, 239, 282}
443	49	{17, 22, 25, 33, 34, 35, 38, 40, 59, 62, 85, 102, 113, 114, 115, 116, 117, 132, 133, 141, 157, 158, 185, 192, 193, 197, 216, 217, 218, 219, 220, 221, 222, 223, 224, 225, 226, 227, 228, 229, 230, 231, 232, 233, 234, 235, 236, 239, 282}
444	43	{17, 22, 25, 33, 34, 35, 38, 40, 62, 85, 113, 114, 115, 116, 117, 157, 158, 192, 193, 197, 216, 217, 218, 219, 220, 221, 222, 223, 224, 225, 226, 227, 228, 229, 230, 231, 232, 233, 234, 235, 236, 239, 282}
445	45	{17, 22, 25, 33, 34, 35, 38, 40, 59, 62, 85, 102, 113, 114, 115, 116, 117, 157, 158, 192, 193, 197, 216, 217, 218, 219, 220, 221, 222, 223, 224, 225, 226, 227, 228, 229, 230, 231, 232, 233, 234, 235, 236, 239, 282}
446	46	{17, 22, 25, 33, 34, 35, 38, 40, 59, 62, 85, 102, 113, 114, 115, 116, 117, 132, 157, 158, 192, 193, 197, 216, 217, 218, 219, 220, 221, 222, 223, 224, 225, 226, 227, 228, 229, 230, 231, 232, 233, 234, 235, 236, 239, 282}
447	44	{17, 22, 25, 33, 34, 35, 38, 40, 59, 62, 85, 113, 114, 115, 116, 117, 157, 158, 192, 193, 197, 216, 217, 218, 219, 220, 221, 222, 223, 224, 225, 226, 227, 228, 229, 230, 231, 232, 233, 234, 235, 236, 239, 282}
448	47	{17, 22, 25, 33, 34, 35, 38, 40, 59, 62, 85, 102, 113, 114, 115, 116, 117, 133, 157, 158, 185, 192, 193, 197, 216, 217, 218, 219, 220, 221, 222, 223, 224, 225, 226, 227, 228, 229, 230, 231, 232, 233, 234, 235, 236, 239, 282}
449	48	{17, 22, 25, 33, 34, 35, 38, 40, 59, 62, 85, 102, 113, 114, 115, 116, 117, 132, 133, 157, 158, 185, 192, 193, 197, 216, 217, 218, 219, 220, 221, 222, 223, 224, 225, 226, 227, 228, 229, 230, 231, 232, 233, 234, 235, 236, 239, 282}
450	10	{6, 44, 48, 50, 51, 52, 53, 54, 55, 57}
451	278	{0, 1, 2, 3, 4, 5, 7, 8, 9, 10, 11, 12, 13, 14, 15, 16, 17, 18, 19, 20, 21, 22, 23, 24, 25, 26, 27, 28, 29, 30, 31, 32, 33, 34, 35, 36, 37, 38, 39, 40, 41, 42, 43, 44, 45, 46, 47, 49, 50, 51, 52, 56, 57, 58, 59, 60, 61, 62, 63, 64, 65, 66, 67, 68, 69, 70, 71, 72, 73, 74, 75, 76, 77, 78, 79, 80, 81, 82, 83, 84, 85, 86, 87, 88, 89, 90, 91, 92, 93, 94, 95, 96, 97, 98, 99, 100, 101, 102, 103, 104, 105, 106, 107, 108, 109, 110, 111, 112, 113, 114, 115, 116, 117, 118, 119, 120, 121, 122, 123, 124, 125, 126, 127, 128, 129, 130, 131, 132, 133, 134, 135, 136, 137, 138, 139, 140, 141, 142, 143, 144, 145, 146, 147, 148, 149, 150, 151, 152, 153, 154, 155, 156, 157, 158, 159, 160, 161, 162, 163, 164, 165, 166, 167, 168, 169, 170, 171, 172, 173, 174, 175, 176, 177, 178, 179, 180, 181, 182, 183, 184, 185, 186, 187, 188, 189, 190, 191, 192, 193, 194, 195, 196, 197, 198, 199, 200, 201, 202, 203, 204, 205, 206, 207, 208, 209, 210, 211, 212, 213, 214, 215, 216, 217, 218, 219, 220, 221, 222, 223, 224, 225, 226, 227, 228, 229, 230, 231, 232, 233, 234, 235, 236, 237, 238, 239, 240, 241, 242, 243, 244, 245, 246, 247, 248, 249, 250, 251, 252, 253, 254, 255, 256, 257, 258, 259, 260, 261, 262, 263, 264, 265, 266, 267, 268, 269, 270, 271, 272, 273, 274, 275, 276, 277, 278, 279, 280, 281, 282}
452	9	{80, 83, 90, 93, 96, 99, 147, 174, 195}
453	3	{89, 146, 176}
454	56	{12, 17, 22, 25, 31, 33, 34, 35, 38, 40, 59, 62, 85, 89, 102, 113, 114, 115, 116, 117, 131, 132, 133, 141, 146, 157, 158, 175, 176, 185, 192, 193, 197, 216, 217, 218, 219, 220, 221, 222, 223, 224, 225, 226, 227, 228, 229, 230, 231, 232, 233, 234, 235, 236, 239, 282}
455	57	{12, 17, 22, 25, 31, 33, 34, 35, 38, 40, 59, 62, 85, 89, 102, 113, 114, 115, 116, 117, 131, 132, 133, 134, 141, 146, 157, 158, 175, 176, 185, 192, 193, 197, 216, 217, 218, 219, 220, 221, 222, 223, 224, 225, 226, 227, 228, 229, 230, 231, 232, 233, 234, 235, 236, 239, 282}
