pscore_1	pscore_2	pscore_3	pscore_4	pscore_5	pscore_6	pscore_7	pscore_8	pscore_9	pscore_10	pscore_11	pscore_12	pscore_13	pscore_14	pscore_15	pscore_16	pscore_17	pscore_18	pscore_19	pscore_20	pscore_21	pscore_22	pscore_23	pscore_24	pscore_25	pscore_26	pscore_27	pscore_28	pscore_29	pscore_30	pscore_31	pscore_32	pscore_33	pscore_34	pscore_35	pscore_36	pscore_37	pscore_38	pscore_39	pscore_40	pscore_41	pscore_42	pscore_43	pscore_44	pscore_45	pscore_46	pscore_47	pscore_48	pscore_49	pscore_50	pscore_51	pscore_52	pscore_53	pscore_54	pscore_55	pscore_56	pscore_57	pscore_58	pscore_59	pscore_60	pscore_61	pscore_62	pscore_63	pscore_64	pscore_65	pscore_66	pscore_67	pscore_68	pscore_69	pscore_70	pscore_71	pscore_72	pscore_73	pscore_74	pscore_75	pscore_76	pscore_77	pscore_78	pscore_79	pscore_80	pscore_81	pscore_82	pscore_83	pscore_84	pscore_85	pscore_86	pscore_87	pscore_88	pscore_89	pscore_90	pscore_91	pscore_92	pscore_93	pscore_94	pscore_95	pscore_96	pscore_97	pscore_98	pscore_99	pscore_100	pscore_101	pscore_102	pscore_103	pscore_104	pscore_105	pscore_106	pscore_107	pscore_108	pscore_109	pscore_110	pscore_111	pscore_112	pscore_113	pscore_114	pscore_115	pscore_116	pscore_117	pscore_118	pscore_119	pscore_120	pscore_121	pscore_122	pscore_123	pscore_124	pscore_125	pscore_126	pscore_127	pscore_128	pscore_129	pscore_130	pscore_131	pscore_132	pscore_133	pscore_134	pscore_135	pscore_136	pscore_137	pscore_138	pscore_139	pscore_140	pscore_141	pscore_142	pscore_143	pscore_144	pscore_145	pscore_146	pscore_147	pscore_148	pscore_149	pscore_150	pscore_151	pscore_152	pscore_153	pscore_154	pscore_155	pscore_156	pscore_157	pscore_158	pscore_159	pscore_160	pscore_161	pscore_162	pscore_163	pscore_164	pscore_165	pscore_166	pscore_167	pscore_168	pscore_169	pscore_170	pscore_171	pscore_172	pscore_173	pscore_174	pscore_175	pscore_176	pscore_177	pscore_178	pscore_179	pscore_180	pscore_181	pscore_182	pscore_183	pscore_184	pscore_185	pscore_186	pscore_187	pscore_188	pscore_189	pscore_190	pscore_191	pscore_192	pscore_193	pscore_194	pscore_195	pscore_196	pscore_197	pscore_198	pscore_199	pscore_200	pscore_201	pscore_202	pscore_203	pscore_204	pscore_205	pscore_206	pscore_207	pscore_208	pscore_209	pscore_210	pscore_211	pscore_212	pscore_213	pscore_214	pscore_215	pscore_216	pscore_217	pscore_218	pscore_219	pscore_220	pscore_221	pscore_222	pscore_223	pscore_224	pscore_225	pscore_226	pscore_227	pscore_228	pscore_229	pscore_230	pscore_231	pscore_232	pscore_233	pscore_234	pscore_235	pscore_236	pscore_237	pscore_238	pscore_239	pscore_240	pscore_241	pscore_242	pscore_243	pscore_244	pscore_245	pscore_246	pscore_247	pscore_248	pscore_249	pscore_250	pscore_251	pscore_252	pscore_253	pscore_254	pscore_255	pscore_256	pscore_257	pscore_258	pscore_259	pscore_260	pscore_261	pscore_262	pscore_263	pscore_264	pscore_265	pscore_266	pscore_267	pscore_268	pscore_269	pscore_270	pscore_271	pscore_272	pscore_273	pscore_274	pscore_275	pscore_276	pscore_277	pscore_278	pscore_279	pscore_280	pscore_281	pscore_282	pscore_283	pscore_284	pscore_285	pscore_286	pscore_287	pscore_288	pscore_289	pscore_290	pscore_291	pscore_292	pscore_293	pscore_294	pscore_295	pscore_296	pscore_297	pscore_298	pscore_299	pscore_300	pscore_301	pscore_302	pscore_303	pscore_304	pscore_305	pscore_306	pscore_307	pscore_308	pscore_309	pscore_310	pscore_311	pscore_312	pscore_313	pscore_314	pscore_315	pscore_316	pscore_317	pscore_318	pscore_319	pscore_320	pscore_321	pscore_322	pscore_323	pscore_324	pscore_325	pscore_326	pscore_327	pscore_328	pscore_329	pscore_330	pscore_331	pscore_332	pscore_333	pscore_334	pscore_335	pscore_336	pscore_337	pscore_338	pscore_339	pscore_340	pscore_341	pscore_342	pscore_343	pscore_344	pscore_345	pscore_346	pscore_347	pscore_348	pscore_349	pscore_350	pscore_351	pscore_352	pscore_353	pscore_354	pscore_355	pscore_356	pscore_357	pscore_358	pscore_359	pscore_360	pscore_361	pscore_362	pscore_363	pscore_364	pscore_365	pscore_366	pscore_367	pscore_368	pscore_369	pscore_370	pscore_371	pscore_372	pscore_373	pscore_374	pscore_375	pscore_376	pscore_377	pscore_378	pscore_379	pscore_380	pscore_381	pscore_382	pscore_383	pscore_384	pscore_385	pscore_386	pscore_387	pscore_388	pscore_389	pscore_390	pscore_391	pscore_392	pscore_393	pscore_394	pscore_395	pscore_396	pscore_397	pscore_398	pscore_399	pscore_400	pscore_401	pscore_402	pscore_403	pscore_404	pscore_405	pscore_406	pscore_407	pscore_408	pscore_409	pscore_410	pscore_411	pscore_412	pscore_413	pscore_414	pscore_415	pscore_416	pscore_417	pscore_418	pscore_419	pscore_420	pscore_421	pscore_422	pscore_423	pscore_424	pscore_425	pscore_426	pscore_427	pscore_428	pscore_429	pscore_430	pscore_431	pscore_432	pscore_433	pscore_434	pscore_435	pscore_436	pscore_437	pscore_438	pscore_439	pscore_440	pscore_441	pscore_442	pscore_443	pscore_444	pscore_445	pscore_446	pscore_447	pscore_448	pscore_449	pscore_450	pscore_451	pscore_452	pscore_453	pscore_454	pscore_455	pscore_456	pscore_457	pscore_458	pscore_459	pscore_460	pscore_461	pscore_462	pscore_463	pscore_464	pscore_465	pscore_466	pscore_467	pscore_468	pscore_469	pscore_470	pscore_471	pscore_472	pscore_473	pscore_474	pscore_475	pscore_476	pscore_477	pscore_478	pscore_479	pscore_480	pscore_481	pscore_482	pscore_483	pscore_484	pscore_485	pscore_486	pscore_487	pscore_488	pscore_489	pscore_490	pscore_491	pscore_492	pscore_493	pscore_494	pscore_495	pscore_496	pscore_497	pscore_498	pscore_499	pscore_500	pscore_501	pscore_502	pscore_503	pscore_504	pscore_505	pscore_506	pscore_507	pscore_508	pscore_509	pscore_510	pscore_511	pscore_512	pscore_513	pscore_514	pscore_515	pscore_516	pscore_517	pscore_518	pscore_519	pscore_520	pscore_521	pscore_522	pscore_523	pscore_524	pscore_525	pscore_526	pscore_527	pscore_528	pscore_529	pscore_530	pscore_531	pscore_532	pscore_533	pscore_534	pscore_535	pscore_536	pscore_537	pscore_538	pscore_539	pscore_540	pscore_541	pscore_542	pscore_543	pscore_544	pscore_545	pscore_546	pscore_547	pscore_548	pscore_549	pscore_550	pscore_551	pscore_552	pscore_553	pscore_554	pscore_555	pscore_556	pscore_557	pscore_558	pscore_559	pscore_560	pscore_561	pscore_562	pscore_563	pscore_564	pscore_565	pscore_566	pscore_567	pscore_568	pscore_569	pscore_570	pscore_571	pscore_572	pscore_573	pscore_574	pscore_575	pscore_576	pscore_577	pscore_578	pscore_579	pscore_580	pscore_581	pscore_582	pscore_583	pscore_584	pscore_585	pscore_586	pscore_587	pscore_588	pscore_589	pscore_590	pscore_591	pscore_592	pscore_593	pscore_594	pscore_595	pscore_596	pscore_597	pscore_598	pscore_599	pscore_600	pscore_601	pscore_602	pscore_603	pscore_604	pscore_605	pscore_606	pscore_607	pscore_608	pscore_609	pscore_610	pscore_611	pscore_612	pscore_613	pscore_614	pscore_615	pscore_616	pscore_617	pscore_618	pscore_619	pscore_620	pscore_621	pscore_622	pscore_623	pscore_624	pscore_625	pscore_626	pscore_627	pscore_628	pscore_629	pscore_630	pscore_631	pscore_632	pscore_633	pscore_634	pscore_635	pscore_636	pscore_637	pscore_638	pscore_639	pscore_640	pscore_641	pscore_642	pscore_643	pscore_644	pscore_645	pscore_646	pscore_647	pscore_648	pscore_649	pscore_650	pscore_651	pscore_652	pscore_653	pscore_654	pscore_655	pscore_656	pscore_657	pscore_658	pscore_659	pscore_660	pscore_661	pscore_662	pscore_663	pscore_664	pscore_665	pscore_666	pscore_667	pscore_668	pscore_669	pscore_670	pscore_671	pscore_672	pscore_673	pscore_674	pscore_675	pscore_676	pscore_677	pscore_678	pscore_679	pscore_680	pscore_681	pscore_682	pscore_683	pscore_684	pscore_685	pscore_686	pscore_687	pscore_688	pscore_689	pscore_690	pscore_691	pscore_692	pscore_693	pscore_694	pscore_695	pscore_696	pscore_697	pscore_698	pscore_699	pscore_700	pscore_701	pscore_702	pscore_703	pscore_704	pscore_705	pscore_706	pscore_707	pscore_708	pscore_709	pscore_710	pscore_711	pscore_712	pscore_713	pscore_714	pscore_715	pscore_716	pscore_717	pscore_718	pscore_719	pscore_720	pscore_721	pscore_722	pscore_723	pscore_724	pscore_725	pscore_726	pscore_727	pscore_728	pscore_729	pscore_730	pscore_731	pscore_732	pscore_733	pscore_734	pscore_735	pscore_736	pscore_737
rep1	0	0	0	0	1	1.8345	0	1	1	1	1.002125	0	0	0	0	1	1	1.192625	1.000125	1	0	0	0	0	1	1	1	1	1	1	1	1	1.00925	1	1.00675	1	1	1	0	0	0	1.02975	1.000125	1	1	0	1	1	1	1	1	1	0	0	0	1	1	1	1	1	1	1	1	1	1	1.0965	1	1	1	1.014625	0	1	1	1	1.005875	1	1	1	1	1	1	2	1	0	1	1.011	1	1	1	1	1	0	1	1	1	1	1	1	1.002375	1	1	1.13075	1	1	1	1	1	1.007	1	1	1	1	1	1	1	0	1.001125	1	1	1	2.26525	1	1	1.000875	1	0	1	1	1	0	0	0	1	1	1	0	1.03375	1	1	1	0	0	1	1	1	0	0	1	1	1	1	1.001	1	1	0	0	0	0	0	0	1	1	1	2.91775	1	1	1	0	0	0	0	1	1.00125	1	1	1	1	1	1.000375	1.039125	1	0	1.6265	1	0	1	0	1	1	0	0	0	0	0	1	1	0	0	0	0	1	1	2.00475	1	0	0	1	0	0	1	1	1	0	0	0	1	0	1	0	1	1	0	0	1	0	1	0	1	0	0	1	1	1.000875	1	1	1.002625	1	1	1	1	2	1	1	2.29225	0	1	1	1.017375	1.000375	0	1	1	1	1	1	2	1	0	1	1	1	0	1	0	0	0	0	0	0	0	1	0	1	0	2	0	0	1	1	0	0	1	0	0	1	0	0	0	1	1	1	1	0	0	0	1	1.022	1.006375	1	1	1	1.003125	1.02	1	1.431625	1	1	0	1	2	4.323375	1	1	1	0	1	1.000875	1	1	0	0	1	1	1	1	1	1	1.509375	1	1	1	1.09675	1	1	1	1	1	1	2.012	1	0	1	1.0415	1	1	1	1	2	1	0	0	0	1	1	1	1	1	1	1	1	1.385375	1	1	1	1	1.0035	1	1	1	1	1	0	0	0	1	0	1.940375	1.0285	1	0	0	1	0	1.032	1.2235	1	1	1.04125	1	1	1	0	1	1	1	1	1	1	0	1.01175	0	0	1	1	1.038	1	1	1	1	0	1	1.998625	1	1	1	1	1	1	1	1	1	0	0	1	1	1	1.0635	1.024	1.033375	1.00025	1	2	0	0	1	1	1	1	2	1	1	0	1.97275	2	1.17575	1	1	1.001125	1	0	1	1	0	1	1	1.013	1	2	1	2	1	1	1	1	1	1	1	1	1	1	0	0	1	1	1	0	0	0	1	0	0	1	0	0	1	1	1	0	0	0	5.4225	1	0	0	1	1	0	1	1	1.0785	0	1	2	1	1	1.00025	1	1	1	2.00025	1	1	1.272875	0	0	1	0	0	1	1	0	1.06	0	0	0	0	0	0	1	0	1	0	0	0	1	0	0	0	0	1	1	0	0	0	1.983875	1	1	0	0	1	0	1	2.743125	0	0	0	2.003875	1	1	1	1	1	1	0	1	1	0	0	1	0	0	0	1	1	1	1	3.002	1	1	1	1	1	1	1	1	1	0	1	1	1	1	1	3	1	1.09675	1	2.00025	2	1	1	0	1	1.09175	1	2.000625	1	1	1	1	1	1	1.0395	1	1	1	1	1	1	1	1	1	1	1.629625	1	1.004	0	0	1	1	1	1	1	1	0	1	1	1	1	1.00125	1	1.021875	1	1.40975	1	0	1	2.078125	1	1	1	1	1	1	1.022125	1	1	1	0	1.009875	2	3	1	1.996125	1	1	1	1	1	1	1	1	1	1	0	0	1	1	1	1	1	1	1	1	0	2	1	1.000375	1	1	1.00175	1	2.089625	0	1	1.999875	1	1	1	1.000125	1	2	1	1	2	1	1	2.05375	1.025	1	1.014375	1	1	1	1.3935	1	1	1	1.906375	1	0	0	0	1	1	0	1	1	0	0	0	1.00075	0	1.001125	1	1	1	1
rep2	0	0	0	0	1	1.8125	0	1	1	1	1.001625	0	0	0	0	1	1	1.220625	1.00025	1	0	0	0	0	1	1	1	1	1	1	1	1	1.032	1	1.003125	1	1	1	0	0	0	1.036625	1.00675	1	1	0	1	1	1	1	1	1	0	0	0	1	1	1	1	1	1	1	1	1	1	1.1035	1	1	1	1.010875	0	1	1	1	1.000625	1	1	1	1	1	1	2	1	0	1	1.011125	1	1	1	1	1	0	1	1	1	1	1	1	1.002	1	1	1.19975	1	1	1	1	1	1.01525	1	1	1	1	1	1	1	0	1.001125	1	1	1	2.30975	1	1	1.00125	1	0	1	1	1	0	0	0	1	1	1	0	1.0485	1	1	1	0	0	1	1	1	0	0	1	1	1	1	1.000875	1	1	0	0	0	0	0	0	1	1	1	2.90075	1	1	1	0	0	0	0	1	1.000625	1	1	1	1	1	1.00175	1.042125	1	0	1.711375	1	0	1	0	1	1	0	0	0	0	0	1	1	0	0	0	0	1	1	2.004875	1	0	0	1	0	0	1	1	1	0	0	0	1	0	1	0	1	1	0	0	1	0	1	0	1	0	0	1	1	1.002	1	1	1.00075	1	1	1	1	2	1	1	2.300875	0	1	1	1.0245	1.00025	0	1	1	1	1	1	2	1	0	1	1	1	0	1	0	0	0	0	0	0	0	1	0	1	0	2	0	0	1	1	0	0	1	0	0	1	0	0	0	1	1	1	1	0	0	0	1	1.027	1.004625	1	1	1	1.003125	1.01825	1	1.5005	1	1	0	1	2	4.296875	1	1	1	0	1	1.00075	1	1	0	0	1	1	1	1	1	1	1.55925	1	1	1	1.1195	1	1	1	1.00025	1	1	2.012375	1	0	1	1.03575	1	1	1	1	2	1	0	0	0	1	1	1	1	1	1	1	1	1.425375	1	1	1	1	1.0045	1	1	1	1	1	0	0	0	1	0	1.941	1.026125	1	0	0	1	0	1.03775	1.217625	1	1	1.027375	1	1	1	0	1	1	1	1	1	1	0	1.010625	0	0	1	1	1.0325	1	1	1	1	0	1	1.991625	1	1	1	1	1	1	1	1	1	0	0	1	1	1	1.096875	1.026875	1.02475	1.000625	1	2	0	0	1	1	1	1	2	1	1	0	1.871625	2	1.154	1	1	1.0005	1	0	1	1	0	1	1	1.004125	1	2	1	2	1	1	1	1	1	1	1	1	1	1	0	0	1	1	1	0	0	0	1	0	0	1	0	0	1	1	1	0	0	0	5.459125	1	0	0	1	1	0	1	1	1.066375	0	1	2	1	1	1.000375	1	1	1	2.000625	1	1	1.252125	0	0	1	0	0	1	1	0	1.0595	0	0	0	0	0	0	1	0	1	0	0	0	1	0	0	0	0	1	1	0	0	0	1.980375	1	1	0	0	1	0	1	2.757625	0	0	0	2.004	1	1	1	1	1	1	0	1	1	0	0	1	0	0	0	1	1	1	1	3.001875	1	1	1	1	1	1	1	1	1	0	1	1	1	1	1	3	1	1.087875	1	2.00025	2	1	1	0	1	1.06975	1	1.994625	1	1	1	1	1	1	1.024375	1	1	1	1	1	1	1	1	1	1	1.59775	1	1.00325	0	0	1	1	1	1	1	1	0	1	1	1	1	1.001875	1	1.023625	1	1.3795	1	0	1	2.080375	1	1	1	1	1	1	1.02625	1	1	1	0	1.002625	2	3	1	1.97975	1	1	1	1	1	1	1	1	1	1	0	0	1	1	1	1	1	1	1	1	0	2	1	1.00025	1	1	1.002375	1	2.086125	0	1	1.99325	1	1	1	1.00675	1	2	1	1	2	1	1	2.037375	1.021625	1	1.00875	1	1	1	1.495	1	1	1	1.898375	1	0	0	0	1	1	0	1	1	0	0	0	1.001375	0	1.001625	1	1	1	1
rep3	0	0	0	0	1	1.82375	0	1	1	1	1.00325	0	0	0	0	1	1	1.273625	1.000125	1	0	0	0	0	1	1	1	1	1	1	1	1	1.022625	1	1.01025	1	1	1	0	0	0	1.035	1	1	1	0	1	1	1	1	1	1	0	0	0	1	1	1	1	1	1	1	1	1	1	1.146125	1	1	1	1.008	0	1	1	1	1.002375	1	1	1	1	1	1	2	1	0	1	1.010875	1	1	1	1	1	0	1	1	1	1	1	1	1.002625	1	1	1.161125	1	1	1	1	1	1.008875	1	1	1	1	1	1	1	0	1.00125	1	1	1	2.267875	1	1	1.00125	1	0	1	1	1	0	0	0	1	1	1	0	1.05275	1	1	1	0	0	1	1	1	0	0	1	1	1	1	1.001	1	1	0	0	0	0	0	0	1	1	1	2.896875	1	1	1	0	0	0	0	1	1.000125	1	1	1	1	1	1.001625	1.044125	1	0	1.636625	1	0	1	0	1	1	0	0	0	0	0	1	1	0	0	0	0	1	1	2.00525	1	0	0	1	0	0	1	1	1	0	0	0	1	0	1	0	1	1	0	0	1	0	1	0	1	0	0	1	1	1.00175	1	1	1	1	1	1	1	2	1	1	2.2215	0	1	1	1.019375	1	0	1	1	1	1	1	2	1	0	1	1	1	0	1	0	0	0	0	0	0	0	1	0	1	0	2	0	0	1	1	0	0	1	0	0	1	0	0	0	1	1	1	1	0	0	0	1	1.025125	1.006625	1	1	1	1.005	1.014875	1	1.553375	1	1	0	1	2	4.371625	1	1	1	0	1	1.00175	1	1	0	0	1	1	1	1	1	1	1.58625	1	1	1	1.10425	1	1	1	1.0005	1	1	2.0185	1	0	1	1.020875	1	1	1	1	2	1	0	0	0	1	1	1	1	1	1	1	1	1.46425	1	1	1	1	1.0045	1	1	1	1	1	0	0	0	1	0	1.937375	1.025375	1	0	0	1	0	1.04575	1.294125	1	1	1.05575	1	1	1	0	1	1	1	1	1	1	0	1.021125	0	0	1	1	1.038125	1	1	1	1	0	1	2	1	1	1	1	1	1	1	1	1	0	0	1	1	1	1.0795	1.03625	1.035125	1.000375	1	2	0	0	1	1	1	1	2	1	1	0	1.70675	2	1.17375	1	1	1.0005	1	0	1	1	0	1	1	1.000875	1	2	1	2	1	1	1	1	1	1	1	1	1	1	0	0	1	1	1	0	0	0	1	0	0	1	0	0	1	1	1	0	0	0	5.517875	1	0	0	1	1	0	1	1	1.06975	0	1	2	1	1	1.00025	1	1	1	2.000375	1	1	1.2255	0	0	1	0	0	1	1	0	1.062625	0	0	0	0	0	0	1	0	1	0	0	0	1	0	0	0	0	1	1	0	0	0	1.988375	1	1	0	0	1	0	1	2.795125	0	0	0	2.00475	1	1	1	1	1	1	0	1	1	0	0	1	0	0	0	1	1	1	1	3.001375	1	1	1	1	1	1	1	1	1	0	1	1	1	1	1	3	1	1.09125	1	1.99875	2	1	1	0	1	1.082	1	2.001125	1	1	1	1	1	1	1.021125	1	1	1	1	1	1	1	1	1	1	1.549125	1	1.000625	0	0	1	1	1	1	1	1	0	1	1	1	1	1.00075	1	1.026125	1	1.387	1	0	1	2.09875	1	1	1	1	1	1	1.027	1	1	1	0	1.002125	2	3	1	1.98575	1	1	1	1	1	1	1	1	1	1	0	0	1	1	1	1	1	1	1	1	0	2	1	1	1	1	1.001625	1	2.05275	0	1	2	1	1	1	1	1	2	1	1	2	1	1	2.046625	1.0265	1	1.023625	1	1	1	1.394125	1	1	1	1.86625	1	0	0	0	1	1	0	1	1	0	0	0	1.000125	0	1.00075	1	1	1	1
rep4	0	0	0	0	1	1.817	0	1	1	1	1.000875	0	0	0	0	1	1	1.19825	1.0005	1	0	0	0	0	1	1	1	1	1	1	1	1	1.0065	1	1.010375	1	1	1	0	0	0	1.034625	1.003	1	1	0	1	1	1	1	1	1	0	0	0	1	1	1	1	1	1	1	1	1	1	1.122875	1	1	1	1.012375	0	1	1	1	1.009125	1	1	1	1	1	1	2	1	0	1	1.00725	1	1	1	1	1	0	1	1	1	1	1	1	1.00175	1	1	1.09175	1	1	1	1	1	1.018125	1	1	1	1	1	1	1	0	1.001375	1	1	1	2.24075	1	1	1.001375	1	0	1	1	1	0	0	0	1	1	1	0	1.038875	1	1	1	0	0	1	1	1	0	0	1	1	1	1	1.000625	1	1	0	0	0	0	0	0	1	1	1	2.918	1	1	1	0	0	0	0	1	1.00075	1	1	1	1	1	1.002125	1.045875	1	0	1.661	1	0	1	0	1	1	0	0	0	0	0	1	1	0	0	0	0	1	1	2.005875	1	0	0	1	0	0	1	1	1	0	0	0	1	0	1	0	1	1	0	0	1	0	1	0	1	0	0	1	1	1.0025	1	1	1.0015	1	1	1	1	2	1	1	2.234625	0	1	1	1.0245	1	0	1	1	1	1	1	2	1	0	1	1	1	0	1	0	0	0	0	0	0	0	1	0	1	0	2	0	0	1	1	0	0	1	0	0	1	0	0	0	1	1	1	1	0	0	0	1	1.036375	1.004	1	1	1	1.00225	1.02525	1	1.53075	1	1	0	1	2	4.46	1	1	1	0	1	1.002125	1	1	0	0	1	1	1	1	1	1	1.581125	1	1	1	1.148625	1	1	1	1	1	1	2.018	1	0	1	1.031875	1	1	1	1	2	1	0	0	0	1	1	1	1	1	1	1	1	1.5925	1	1.000125	1	1	1.003375	1	1	1	1	1	0	0	0	1	0	1.941375	1.026125	1	0	0	1	0	1.04325	1.256875	1	1	1.02175	1	1	1	0	1	1	1	1	1	1	0	1.015	0	0	1	1	1.027625	1	1	1	1	0	1	1.992625	1	1	1	1	1	1	1	1	1	0	0	1	1	1	1.055375	1.029375	1.014375	1.000375	1	2	0	0	1	1	1	1	2	1	1	0	1.894375	2	1.111875	1	1	1.00025	1	0	1	1	0	1	1	1.004	1	2	1	2	1	1	1	1	1	1	1	1	1	1	0	0	1	1	1	0	0	0	1	0	0	1	0	0	1	1	1	0	0	0	5.491375	1	0	0	1	1	0	1	1	1.09175	0	1	2	1	1	1.00125	1	1	1	2.000375	1	1	1.234625	0	0	1	0	0	1	1	0	1.058875	0	0	0	0	0	0	1	0	1	0	0	0	1	0	0	0	0	1	1	0	0	0	1.985	1	1	0	0	1	0	1	2.78475	0	0	0	2.004125	1	1	1	1	1	1	0	1	1	0	0	1	0	0	0	1	1	1	1	3.0025	1	1	1	1	1	1	1	1	1	0	1	1	1	1	1	3	1	1.0965	1	1.998125	2	1	1	0	1	1.105	1	1.99925	1	1	1	1	1	1	1.040125	1	1	1	1	1	1	1	1	1	1	1.42075	1	1.0015	0	0	1	1	1	1	1	1	0	1	1	1	1	1.00075	1	1.018875	1	1.336375	1	0	1	2.103875	1	1	1	1	1	1	1.032	1	1	1	0	1.00175	2	3	1	1.9955	1	1	1	1	1	1	1	1	1	1	0	0	1	1	1	1	1	1	1	1	0	2	1	1	1	1	1.0025	1	2.038625	0	1	1.997	1	1	1	1.003	1	2	1	1	2	1	1	2.059375	1.0135	1	1.026	1	1	1	1.35075	1	1	1	1.87475	1	0	0	0	1	1	0	1	1	0	0	0	1.00075	0	1.00125	1	1	1	1
rep5	0	0	0	0	1	1.79075	0	1	1	1	1.0025	0	0	0	0	1	1	1.21925	1.00075	1	0	0	0	0	1	1	1	1	1	1	1	1	1.02875	1	1.00725	1	1	1	0	0	0	1.034625	1.004125	1	1	0	1	1	1	1	1	1	0	0	0	1	1	1	1	1	1	1	1	1	1	1.1195	1	1	1	1.0055	0	1	1	1	1.000625	1	1	1	1	1	1	2	1	0	1	1.0105	1	1	1	1	1	0	1	1	1	1	1	1	1.00225	1	1	1.143875	1	1	1	1	1	1.010625	1	1	1	1	1	1	1	0	1.001875	1	1	1	2.315	1	1	1.00125	1	0	1	1	1	0	0	0	1	1	1	0	1.03875	1	1	1	0	0	1	1	1	0	0	1	1	1	1	1.0005	1	1	0	0	0	0	0	0	1	1	1	2.89175	1	1	1	0	0	0	0	1	1.000375	1	1	1	1	1	1.00225	1.045	1	0	1.648625	1	0	1	0	1	1	0	0	0	0	0	1	1	0	0	0	0	1	1	2.005125	1	0	0	1	0	0	1	1	1	0	0	0	1	0	1	0	1	1	0	0	1	0	1	0	1	0	0	1	1	1.002625	1	1	1.000125	1	1	1	1	2	1	1	2.324875	0	1	1	1.022125	1	0	1	1	1	1	1	2	1	0	1	1	1	0	1	0	0	0	0	0	0	0	1	0	1	0	2	0	0	1	1	0	0	1	0	0	1	0	0	0	1	1	1	1	0	0	0	1	1.049375	1.004375	1	1	1	1.003	1.0235	1	1.516375	1	1	0	1	2	4.35325	1	1	1	0	1	1.00025	1	1	0	0	1	1	1	1	1	1	1.583125	1	1	1	1.133625	1	1	1	1	1	1	2.01475	1	0	1	1.044	1	1	1	1	2	1	0	0	0	1	1	1	1	1	1	1	1	1.532625	1	1	1	1	1.0045	1	1	1	1	1	0	0	0	1	0	1.93625	1.027375	1	0	0	1	0	1.047875	1.248375	1	1	1.027	1	1	1	0	1	1	1	1	1	1	0	1.01775	0	0	1	1	1.033375	1	1	1	1	0	1	1.996	1	1	1	1	1	1	1	1	1	0	0	1	1	1	1.053375	1.029	1.02575	1	1	2	0	0	1	1	1	1	2	1	1	0	1.778875	2	1.198625	1	1	1.000375	1	0	1	1	0	1	1	1.01425	1	2	1	2	1	1	1	1	1	1	1	1	1	1	0	0	1	1	1	0	0	0	1	0	0	1	0	0	1	1	1	0	0	0	5.597625	1	0	0	1	1	0	1	1	1.071125	0	1	2	1	1	1.000375	1	1	1	2.000375	1	1	1.16725	0	0	1	0	0	1	1	0	1.064125	0	0	0	0	0	0	1	0	1	0	0	0	1	0	0	0	0	1	1	0	0	0	1.995375	1	1	0	0	1	0	1	2.715625	0	0	0	2.00525	1	1	1	1	1	1	0	1	1	0	0	1	0	0	0	1	1	1	1	3.00275	1	1	1	1	1	1	1	1	1	0	1	1	1	1	1	3	1	1.096	1	1.99925	2	1	1	0	1	1.07925	1	1.99675	1	1	1	1	1	1	1.006625	1	1	1	1	1	1	1	1	1	1	1.494625	1	1	0	0	1	1	1	1	1	1	0	1	1	1	1	1.00125	1	1.018625	1	1.4135	1	0	1	2.08	1	1	1	1	1	1	1.029375	1	1	1	0	1.015125	2	3	1	1.98375	1	1	1	1	1	1	1	1	1	1	0	0	1	1	1	1	1	1	1	1	0	2	1	1	1	1	1.00175	1	2.06	0	1	1.995875	1	1	1	1.004125	1	2	1	1	2	1	1	2.0485	1.024125	1	1.010875	1	1	1	1.3485	1	1	1	1.8415	1	0	0	0	1	1	0	1	1	0	0	0	1.0005	0	1.001375	1	1	1	1
rep6	0	0	0	0	1	1.888	0	1	1	1	1.001	0	0	0	0	1	1	1.2575	1.0005	1	0	0	0	0	1	1	1	1	1	1	1	1	1.0285	1	1.005	1	1	1	0	0	0	1.0405	1	1	1	0	1	1	1	1	1	1	0	0	0	1	1	1	1	1	1	1	1	1	1	1.11	1	1	1	1.0185	0	1	1	1	1.009	1	1	1	1	1	1	2	1	0	1	1.002	1	1	1	1	1	0	1	1	1	1	1	1	1.0025	1	1	1.1015	1	1	1	1	1	1.011	1	1	1	1	1	1	1	0	1.001	1	1	1	2.248	1	1	1.001	1	0	1	1	1	0	0	0	1	1	1	0	1.034	1	1	1	0	0	1	1	1	0	0	1	1	1	1	1.0005	1	1	0	0	0	0	0	0	1	1	1	2.8985	1	1	1	0	0	0	0	1	1.0005	1	1	1	1	1	1	1.039	1	0	1.5945	1	0	1	0	1	1	0	0	0	0	0	1	1	0	0	0	0	1	1	2.005	1	0	0	1	0	0	1	1	1	0	0	0	1	0	1	0	1	1	0	0	1	0	1	0	1	0	0	1	1	1.0035	1	1	1.002	1	1	1	1	2	1	1	2.43	0	1	1	1.043	1	0	1	1	1	1	1	2	1	0	1	1	1	0	1	0	0	0	0	0	0	0	1	0	1	0	2	0	0	1	1	0	0	1	0	0	1	0	0	0	1	1	1	1	0	0	0	1	1.021	1.0025	1	1	1	1.01	1.012	1	1.4325	1	1	0	1	2	4.511	1	1	1	0	1	1	1	1	0	0	1	1	1	1	1	1	1.4755	1	1	1	1.1425	1	1	1	1	1	1	2.0135	1	0	1	1.0135	1	1	1	1	2	1	0	0	0	1	1	1	1	1	1	1	1	1.532	1	1	1	1	1.0025	1	1	1	1	1	0	0	0	1	0	1.928	1.027	1	0	0	1	0	1.0455	1.339	1	1	1.018	1	1	1	0	1	1	1	1	1	1	0	1.0085	0	0	1	1	1.027	1	1	1	1	0	1	1.989	1	1	1	1	1	1	1	1	1	0	0	1	1	1	1.0395	1.0065	1.076	1.0005	1	2	0	0	1	1	1	1	2	1	1	0	1.957	2	1.0785	1	1	1.0005	1	0	1	1	0	1	1	1	1	2	1	2	1	1	1	1	1	1	1	1	1	1	0	0	1	1	1	0	0	0	1	0	0	1	0	0	1	1	1	0	0	0	5.549	1	0	0	1	1	0	1	1	1.0685	0	1	2	1	1	1	1	1	1	2	1	1	1.287	0	0	1	0	0	1	1	0	1.073	0	0	0	0	0	0	1	0	1	0	0	0	1	0	0	0	0	1	1	0	0	0	1.978	1	1	0	0	1	0	1	2.548	0	0	0	2.002	1	1	1	1	1	1	0	1	1	0	0	1	0	0	0	1	1	1	1	3.001	1	1	1	1	1	1	1	1	1	0	1	1	1	1	1	3	1	1.0875	1	1.997	2	1	1	0	1	1.0605	1	2.001	1	1	1	1	1	1	1.018	1	1	1	1	1	1	1	1	1	1	1.479	1	1.0005	0	0	1	1	1	1	1	1	0	1	1	1	1	1.0015	1	1.0155	1	1.397	1	0	1	2.07	1	1	1	1	1	1	1.0465	1	1	1	0	1	2	3	1	1.999	1	1	1	1	1	1	1	1	1	1	0	0	1	1	1	1	1	1	1	1	0	2	1	1	1	1	1.002	1	2.069	0	1	2	1	1	1	1	1	2	1	1	2	1	1	2.0455	1.035	1	1.031	1	1	1	1.304	1	1	1	1.8845	1	0	0	0	1	1	0	1	1	0	0	0	1	0	1.002	1	1	1	1
rep7	0	0	0	0	1	1.8215	0	1	1	1	1.001	0	0	0	0	1	1	1.1525	1	1	0	0	0	0	1	1	1	1	1	1	1	1	1	1	1.0075	1	1	1	0	0	0	1.041	1.002	1	1	0	1	1	1	1	1	1	0	0	0	1	1	1	1	1	1	1	1	1	1	1.148	1	1	1	1.013	0	1	1	1	1.037	1	1	1	1	1	1	2	1	0	1	1.0185	1	1	1	1	1	0	1	1	1	1	1	1	1.001	1	1	1.216	1	1	1	1	1	1.0055	1	1	1	1	1	1	1	0	1.0015	1	1	1	2.251	1	1	1.0015	1	0	1	1	1	0	0	0	1	1	1	0	1.0275	1	1	1	0	0	1	1	1	0	0	1	1	1	1	1.0005	1	1	0	0	0	0	0	0	1	1	1	2.912	1	1	1	0	0	0	0	1	1.0005	1	1	1	1	1	1.001	1.036	1	0	1.581	1	0	1	0	1	1	0	0	0	0	0	1	1	0	0	0	0	1	1	2.0065	1	0	0	1	0	0	1	1	1	0	0	0	1	0	1	0	1	1	0	0	1	0	1	0	1	0	0	1	1	1.004	1	1	1	1	1	1	1	2	1	1	2.1895	0	1	1	1.018	1	0	1	1	1	1	1	2	1	0	1	1	1	0	1	0	0	0	0	0	0	0	1	0	1	0	2	0	0	1	1	0	0	1	0	0	1	0	0	0	1	1	1	1	0	0	0	1	1.0265	1.0105	1	1	1	1.007	1.019	1	1.5355	1	1	0	1	2	4.3745	1	1	1	0	1	1	1	1	0	0	1	1	1	1	1	1	1.462	1	1	1	1.071	1	1	1	1	1	1	2.017	1	0	1	1.0405	1	1	1	1	2	1	0	0	0	1	1	1	1	1	1	1	1	1.4655	1	1	1	1	1.0045	1	1	1	1	1	0	0	0	1	0	1.9355	1.027	1	0	0	1	0	1.058	1.226	1	1	1.033	1	1	1	0	1	1	1	1	1	1	0	1.005	0	0	1	1	1.0385	1	1	1	1	0	1	1.9755	1	1	1	1	1	1	1	1	1	0	0	1	1	1	1.101	1.0315	1.0305	1	1	2	0	0	1	1	1	1	2	1	1	0	1.741	2	1.1945	1	1	1.0005	1	0	1	1	0	1	1	1.0035	1	2	1	2	1	1	1	1	1	1	1	1	1	1	0	0	1	1	1	0	0	0	1	0	0	1	0	0	1	1	1	0	0	0	5.4825	1	0	0	1	1	0	1	1	1.134	0	1	2	1	1	1.0005	1	1	1	2.0005	1	1	1.361	0	0	1	0	0	1	1	0	1.0655	0	0	0	0	0	0	1	0	1	0	0	0	1	0	0	0	0	1	1	0	0	0	1.9905	1	1	0	0	1	0	1	2.836	0	0	0	2.003	1	1	1	1	1	1	0	1	1	0	0	1	0	0	0	1	1	1	1	3.004	1	1	1	1	1	1	1	1	1	0	1	1	1	1	1	3	1	1.1025	1	1.9965	2	1	1	0	1	1.0615	1	1.999	1	1	1	1	1	1	1.039	1	1	1	1	1	1	1	1	1	1	1.5415	1	1	0	0	1	1	1	1	1	1	0	1	1	1	1	1	1	1.029	1	1.468	1	0	1	2.092	1	1	1	1	1	1	1.027	1	1	1	0	1	2	3	1	1.988	1	1	1	1	1	1	1	1	1	1	0	0	1	1	1	1	1	1	1	1	0	2	1	1	1	1	1.0005	1	2.087	0	1	1.998	1	1	1	1.002	1	2	1	1	2	1	1	2.03	1	1	1	1	1	1	1.288	1	1	1	1.8495	1	0	0	0	1	1	0	1	1	0	0	0	1	0	1.0005	1	1	1	1
rep8	0	0	0	0	1	1.8505	0	1	1	1	1.001	0	0	0	0	1	1	1.086	1	1	0	0	0	0	1	1	1	1	1	1	1	1	1.007	1	1.0105	1	1	1	0	0	0	1.047	1	1	1	0	1	1	1	1	1	1	0	0	0	1	1	1	1	1	1	1	1	1	1	1.108	1	1	1	1.0145	0	1	1	1	1.001	1	1	1	1	1	1	2	1	0	1	1.009	1	1	1	1	1	0	1	1	1	1	1	1	1.002	1	1	1.158	1	1	1	1	1	1.0215	1	1	1	1	1	1	1	0	1.001	1	1	1	2.2925	1	1	1.0015	1	0	1	1	1	0	0	0	1	1	1	0	1.086	1	1	1	0	0	1	1	1	0	0	1	1	1	1	1.0015	1	1	0	0	0	0	0	0	1	1	1	2.9205	1	1	1	0	0	0	0	1	1.001	1	1	1	1	1	1.0015	1.054	1	0	1.7215	1	0	1	0	1	1	0	0	0	0	0	1	1	0	0	0	0	1	1	2.0015	1	0	0	1	0	0	1	1	1	0	0	0	1	0	1	0	1	1	0	0	1	0	1	0	1	0	0	1	1	1.003	1	1	1	1	1	1	1	2	1	1	2.3415	0	1	1	1.0205	1	0	1	1	1	1	1	2	1	0	1	1	1	0	1	0	0	0	0	0	0	0	1	0	1	0	2	0	0	1	1	0	0	1	0	0	1	0	0	0	1	1	1	1	0	0	0	1	1.0545	1.005	1	1	1	1.012	1.012	1	1.5305	1	1	0	1	2	4.282	1	1	1	0	1	1.0005	1	1	0	0	1	1	1	1	1	1	1.588	1	1	1	1.088	1	1	1	1	1	1	2.0215	1	0	1	1.001	1	1	1	1	2	1	0	0	0	1	1	1	1	1	1	1	1	1.6345	1	1	1	1	1.003	1	1	1	1	1	0	0	0	1	0	1.951	1.0225	1	0	0	1	0	1.027	1.2715	1	1	1.033	1	1	1	0	1	1	1	1	1	1	0	1.012	0	0	1	1	1.028	1	1	1	1	0	1	1.9975	1	1	1	1	1	1	1	1	1	0	0	1	1	1	1.0875	1.025	1.039	1.001	1	2	0	0	1	1	1	1	2	1	1	0	1.4235	2	1.2135	1	1	1	1	0	1	1	0	1	1	1.005	1	2	1	2	1	1	1	1	1	1	1	1	1	1	0	0	1	1	1	0	0	0	1	0	0	1	0	0	1	1	1	0	0	0	5.781	1	0	0	1	1	0	1	1	1.084	0	1	2	1	1	1.0005	1	1	1	2.0005	1	1	1.159	0	0	1	0	0	1	1	0	1.049	0	0	0	0	0	0	1	0	1	0	0	0	1	0	0	0	0	1	1	0	0	0	2.0115	1	1	0	0	1	0	1	2.6995	0	0	0	2.0015	1	1	1	1	1	1	0	1	1	0	0	1	0	0	0	1	1	1	1	3.0005	1	1	1	1	1	1	1	1	1	0	1	1	1	1	1	3	1	1.0945	1	1.996	2	1	1	0	1	1.1045	1	2.0005	1	1	1	1	1	1	1.06	1	1	1	1	1	1	1	1	1	1	1.383	1	1	0	0	1	1	1	1	1	1	0	1	1	1	1	1	1	1.026	1	1.419	1	0	1	2.0945	1	1	1	1	1	1	1.0125	1	1	1	0	1.0415	2	3	1	1.9955	1	1	1	1	1	1	1	1	1	1	0	0	1	1	1	1	1	1	1	1	0	2	1	1	1	1	1.0005	1	2.0515	0	1	2	1	1	1	1	1	2	1	1	2	1	1	2.0445	1.0085	1	1.0025	1	1	1	1.417	1	1	1	1.93	1	0	0	0	1	1	0	1	1	0	0	0	1.0035	0	1.001	1	1	1	1
rep9	0	0	0	0	1	1.7585	0	1	1	1	1.001	0	0	0	0	1	1	1.2	1	1	0	0	0	0	1	1	1	1	1	1	1	1	1.0105	1	1.01	1	1	1	0	0	0	1.0285	1	1	1	0	1	1	1	1	1	1	0	0	0	1	1	1	1	1	1	1	1	1	1	1.1335	1	1	1	1.0235	0	1	1	1	1	1	1	1	1	1	1	2	1	0	1	1.0215	1	1	1	1	1	0	1	1	1	1	1	1	1.0025	1	1	1.181	1	1	1	1	1	1.008	1	1	1	1	1	1	1	0	1.001	1	1	1	2.3515	1	1	1.0015	1	0	1	1	1	0	0	0	1	1	1	0	1.0455	1	1	1	0	0	1	1	1	0	0	1	1	1	1	1.0005	1	1	0	0	0	0	0	0	1	1	1	2.9155	1	1	1	0	0	0	0	1	1.0005	1	1	1	1	1	1.001	1.036	1	0	1.645	1	0	1	0	1	1	0	0	0	0	0	1	1	0	0	0	0	1	1	2.004	1	0	0	1	0	0	1	1	1	0	0	0	1	0	1	0	1	1	0	0	1	0	1	0	1	0	0	1	1	1.003	1	1	1	1	1	1	1	2	1	1	2.2695	0	1	1	1.044	1	0	1	1	1	1	1	2	1	0	1	1	1	0	1	0	0	0	0	0	0	0	1	0	1	0	2	0	0	1	1	0	0	1	0	0	1	0	0	0	1	1	1	1	0	0	0	1	1.0105	1	1	1	1	1.0015	1.0205	1	1.4165	1	1	0	1	2	4.617	1	1	1	0	1	1.001	1	1	0	0	1	1	1	1	1	1	1.568	1	1	1	1.0935	1	1	1	1	1	1	2.0095	1	0	1	1.0445	1	1	1	1	2	1	0	0	0	1	1	1	1	1	1	1	1	1.4565	1	1	1	1	1.0065	1	1	1	1	1	0	0	0	1	0	1.9455	1.021	1	0	0	1	0	1.0285	1.2275	1	1	1.017	1	1	1	0	1	1	1	1	1	1	0	1.024	0	0	1	1	1.018	1	1	1	1	0	1	1.9515	1	1	1	1	1	1	1	1	1	0	0	1	1	1	1.132	1.0335	1.025	1.0005	1	2	0	0	1	1	1	1	2	1	1	0	1.7585	2	1.0565	1	1	1.0005	1	0	1	1	0	1	1	1.025	1	2	1	2	1	1	1	1	1	1	1	1	1	1	0	0	1	1	1	0	0	0	1	0	0	1	0	0	1	1	1	0	0	0	5.7635	1	0	0	1	1	0	1	1	1.1145	0	1	2	1	1	1.001	1	1	1	2.0005	1	1	1.2225	0	0	1	0	0	1	1	0	1.0545	0	0	0	0	0	0	1	0	1	0	0	0	1	0	0	0	0	1	1	0	0	0	2.019	1	1	0	0	1	0	1	2.856	0	0	0	2.0015	1	1	1	1	1	1	0	1	1	0	0	1	0	0	0	1	1	1	1	3.0025	1	1	1	1	1	1	1	1	1	0	1	1	1	1	1	3	1	1.083	1	2	2	1	1	0	1	1.1145	1	2.0025	1	1	1	1	1	1	1.028	1	1	1	1	1	1	1	1	1	1	1.547	1	1	0	0	1	1	1	1	1	1	0	1	1	1	1	1.001	1	1.0215	1	1.334	1	0	1	2.034	1	1	1	1	1	1	1.0245	1	1	1	0	1.013	2	3	1	1.9955	1	1	1	1	1	1	1	1	1	1	0	0	1	1	1	1	1	1	1	1	0	2	1	1	1	1	1.001	1	2.0735	0	1	2	1	1	1	1	1	2	1	1	2	1	1	2.0315	1.0135	1	1.013	1	1	1	1.165	1	1	1	1.9285	1	0	0	0	1	1	0	1	1	0	0	0	1.0005	0	1.001	1	1	1	1
rep10	0	0	0	0	1	1.7095	0	1	1	1	1.002	0	0	0	0	1	1	1.1625	1.001	1	0	0	0	0	1	1	1	1	1	1	1	1	1.0225	1	1.0135	1	1	1	0	0	0	1.03	1	1	1	0	1	1	1	1	1	1	0	0	0	1	1	1	1	1	1	1	1	1	1	1.09	1	1	1	1.0215	0	1	1	1	1.0085	1	1	1	1	1	1	2	1	0	1	1.015	1	1	1	1	1	0	1	1	1	1	1	1	1.0025	1	1	1.1255	1	1	1	1	1	1.0365	1	1	1	1	1	1	1	0	1.0005	1	1	1	2.2595	1	1	1.0015	1	0	1	1	1	0	0	0	1	1	1	0	1.075	1	1	1	0	0	1	1	1	0	0	1	1	1	1	1.0005	1	1	0	0	0	0	0	0	1	1	1	2.902	1	1	1	0	0	0	0	1	1	1	1	1	1	1	1	1.03	1	0	1.6	1	0	1	0	1	1	0	0	0	0	0	1	1	0	0	0	0	1	1	2.0045	1	0	0	1	0	0	1	1	1	0	0	0	1	0	1	0	1	1	0	0	1	0	1	0	1	0	0	1	1	1.0005	1	1	1	1	1	1	1	2	1	1	2.227	0	1	1	1.017	1	0	1	1	1	1	1	2	1	0	1	1	1	0	1	0	0	0	0	0	0	0	1	0	1	0	2	0	0	1	1	0	0	1	0	0	1	0	0	0	1	1	1	1	0	0	0	1	1.0005	1.0035	1	1	1	1.0005	1.033	1	1.4895	1	1	0	1	2	4.4495	1	1	1	0	1	1.0005	1	1	0	0	1	1	1	1	1	1	1.5295	1	1	1	1.075	1	1	1	1	1	1	2.016	1	0	1	1.034	1	1	1	1	2	1	0	0	0	1	1	1	1	1	1	1	1	1.268	1	1	1	1	1.0025	1	1	1	1	1	0	0	0	1	0	1.9445	1.026	1	0	0	1	0	1.0585	1.215	1	1	1.0465	1	1	1	0	1	1	1	1	1	1	0	1.003	0	0	1	1	1.048	1	1	1	1	0	1	1.998	1	1	1	1	1	1	1	1	1	0	0	1	1	1	1.032	1.021	1.015	1.0015	1	2	0	0	1	1	1	1	2	1	1	0	1.6085	2	1.2095	1	1	1	1	0	1	1	0	1	1	1.0295	1	2	1	2	1	1	1	1	1	1	1	1	1	1	0	0	1	1	1	0	0	0	1	0	0	1	0	0	1	1	1	0	0	0	5.8075	1	0	0	1	1	0	1	1	1.0615	0	1	2	1	1	1	1	1	1	2	1	1	1.166	0	0	1	0	0	1	1	0	1.056	0	0	0	0	0	0	1	0	1	0	0	0	1	0	0	0	0	1	1	0	0	0	2.015	1	1	0	0	1	0	1	2.786	0	0	0	2.0025	1	1	1	1	1	1	0	1	1	0	0	1	0	0	0	1	1	1	1	3	1	1	1	1	1	1	1	1	1	0	1	1	1	1	1	3	1	1.0885	1	1.9995	2	1	1	0	1	1.1075	1	2.003	1	1	1	1	1	1	1.0825	1	1	1	1	1	1	1	1	1	1	1.747	1	1	0	0	1	1	1	1	1	1	0	1	1	1	1	1	1	1.038	1	1.325	1	0	1	2.091	1	1	1	1	1	1	1.0295	1	1	1	0	1.001	2	3	1	1.9685	1	1	1	1	1	1	1	1	1	1	0	0	1	1	1	1	1	1	1	1	0	2	1	1	1	1	1.001	1	2.0385	0	1	2	1	1	1	1	1	2	1	1	2	1	1	2.036	1.0025	1	1.003	1	1	1	1.2975	1	1	1	1.861	1	0	0	0	1	1	0	1	1	0	0	0	1	0	1.0025	1	1	1	1
rep1trunc	0	0	0	0	1	1.8185	0	1	1	1	1.0025	0	0	0	0	1	1	1.1665	1	1	0	0	0	0	1	1	1	1	1	1	1	1	1.012	1	1.0085	1	1	1	0	0	0	1.03	1	1	1	0	1	1	1	1	1	1	0	0	0	1	1	1	1	1	1	1	1	1	1	1.0905	1	1	1	1.004	0	1	1	1	1	1	1	1	1	1	1	2	1	0	1	1.0155	1	1	1	1	1	0	1	1	1	1	1	1	1.0025	1	1	1.1315	1	1	1	1	1	1.0065	1	1	1	1	1	1	1	0	1.0015	1	1	1	2.2945	1	1	1.002	1	0	1	1	1	0	0	0	1	1	1	0	1.0305	1	1	1	0	0	1	1	1	0	0	1	1	1	1	1.001	1	1	0	0	0	0	0	0	1	1	1	2.9245	1	1	1	0	0	0	0	1	1.001	1	1	1	1	1	1.001	1.022	1	0	1.641	1	0	1	0	1	1	0	0	0	0	0	1	1	0	0	0	0	1	1	2.0045	1	0	0	1	0	0	1	1	1	0	0	0	1	0	1	0	1	1	0	0	1	0	1	0	1	0	0	1	1	1.0005	1	1	1.009	1	1	1	1	2	1	1	2.3825	0	1	1	1.0225	1	0	1	1	1	1	1	2	1	0	1	1	1	0	1	0	0	0	0	0	0	0	1	0	1	0	2	0	0	1	1	0	0	1	0	0	1	0	0	0	1	1	1	1	0	0	0	1	1.0295	1.0045	1	1	1	1.0015	1.023	1	1.417	1	1	0	1	2	4.3205	1	1	1	0	1	1.001	1	1	0	0	1	1	1	1	1	1	1.52	1	1	1	1.0455	1	1	1	1	1	1	2.0125	1	0	1	1.0525	1	1	1	1	2	1	0	0	0	1	1	1	1	1	1	1	1	1.6265	1	1	1	1	1.0055	1	1	1	1	1	0	0	0	1	0	1.9425	1.028	1	0	0	1	0	1.0305	1.1695	1	1	1.046	1	1	1	0	1	1	1	1	1	1	0	1.0105	0	0	1	1	1.028	1	1	1	1	0	1	1.9995	1	1	1	1	1	1	1	1	1	0	0	1	1	1	1.0725	1.02	1.0385	1.0005	1	2	0	0	1	1	1	1	2	1	1	0	1.757	2	1.149	1	1	1	1	0	1	1	0	1	1	1.0405	1	2	1	2	1	1	1	1	1	1	1	1	1	1	0	0	1	1	1	0	0	0	1	0	0	1	0	0	1	1	1	0	0	0	5.545	1	0	0	1	1	0	1	1	1.0505	0	1	2	1	1	1	1	1	1	2	1	1	1.225	0	0	1	0	0	1	1	0	1.058	0	0	0	0	0	0	1	0	1	0	0	0	1	0	0	0	0	1	1	0	0	0	1.9805	1	1	0	0	1	0	1	2.663	0	0	0	2.0035	1	1	1	1	1	1	0	1	1	0	0	1	0	0	0	1	1	1	1	3.003	1	1	1	1	1	1	1	1	1	0	1	1	1	1	1	3	1	1.093	1	2.0015	2	1	1	0	1	1.0795	1	2.0015	1	1	1	1	1	1	1.03	1	1	1	1	1	1	1	1	1	1	1.3875	1	1	0	0	1	1	1	1	1	1	0	1	1	1	1	1.0015	1	1.03	1	1.368	1	0	1	2.055	1	1	1	1	1	1	1.037	1	1	1	0	1.0305	2	3	1	1.9995	1	1	1	1	1	1	1	1	1	1	0	0	1	1	1	1	1	1	1	1	0	2	1	1	1	1	1.002	1	2.091	0	1	2	1	1	1	1	1	2	1	1	2	1	1	2.0435	1.014	1	1.002	1	1	1	1.4755	1	1	1	1.9045	1	0	0	0	1	1	0	1	1	0	0	0	1	0	1	1	1	1	1
rep2trunc	0	0	0	0	1	1.767	0	1	1	1	1.0005	0	0	0	0	1	1	1.2015	1	1	0	0	0	0	1	1	1	1	1	1	1	1	1.046	1	1.001	1	1	1	0	0	0	1.043	1.024	1	1	0	1	1	1	1	1	1	0	0	0	1	1	1	1	1	1	1	1	1	1	1.1265	1	1	1	1.022	0	1	1	1	1	1	1	1	1	1	1	2	1	0	1	1.015	1	1	1	1	1	0	1	1	1	1	1	1	1.0025	1	1	1.209	1	1	1	1	1	1.0045	1	1	1	1	1	1	1	0	1.0015	1	1	1	2.387	1	1	1.0015	1	0	1	1	1	0	0	0	1	1	1	0	1.0485	1	1	1	0	0	1	1	1	0	0	1	1	1	1	1.001	1	1	0	0	0	0	0	0	1	1	1	2.89	1	1	1	0	0	0	0	1	1	1	1	1	1	1	1.003	1.0515	1	0	1.6185	1	0	1	0	1	1	0	0	0	0	0	1	1	0	0	0	0	1	1	2.006	1	0	0	1	0	0	1	1	1	0	0	0	1	0	1	0	1	1	0	0	1	0	1	0	1	0	0	1	1	1.0015	1	1	1	1	1	1	1	2	1	1	2.176	0	1	1	1.0325	1	0	1	1	1	1	1	2	1	0	1	1	1	0	1	0	0	0	0	0	0	0	1	0	1	0	2	0	0	1	1	0	0	1	0	0	1	0	0	0	1	1	1	1	0	0	0	1	1.038	1.0055	1	1	1	1	1.0265	1	1.386	1	1	0	1	2	4.257	1	1	1	0	1	1.002	1	1	0	0	1	1	1	1	1	1	1.5595	1	1	1	1.153	1	1	1	1	1	1	2.0155	1	0	1	1.0275	1	1	1	1	2	1	0	0	0	1	1	1	1	1	1	1	1	1.8835	1	1	1	1	1.0065	1	1	1	1	1	0	0	0	1	0	1.932	1.0235	1	0	0	1	0	1.0495	1.3105	1	1	1.0235	1	1	1	0	1	1	1	1	1	1	0	1.016	0	0	1	1	1.032	1	1	1	1	0	1	1.998	1	1	1	1	1	1	1	1	1	0	0	1	1	1	1.137	1.027	1.034	1.001	1	2	0	0	1	1	1	1	2	1	1	0	1.765	2	1.1545	1	1	1	1	0	1	1	0	1	1	1.004	1	2	1	2	1	1	1	1	1	1	1	1	1	1	0	0	1	1	1	0	0	0	1	0	0	1	0	0	1	1	1	0	0	0	5.4095	1	0	0	1	1	0	1	1	1.057	0	1	2	1	1	1	1	1	1	2.001	1	1	1.348	0	0	1	0	0	1	1	0	1.0685	0	0	0	0	0	0	1	0	1	0	0	0	1	0	0	0	0	1	1	0	0	0	1.964	1	1	0	0	1	0	1	2.9075	0	0	0	2.0055	1	1	1	1	1	1	0	1	1	0	0	1	0	0	0	1	1	1	1	3.0015	1	1	1	1	1	1	1	1	1	0	1	1	1	1	1	3	1	1.078	1	2.002	2	1	1	0	1	1.0825	1	1.977	1	1	1	1	1	1	1.0225	1	1	1	1	1	1	1	1	1	1	1.1365	1	1	0	0	1	1	1	1	1	1	0	1	1	1	1	1.001	1	1.0265	1	1.3975	1	0	1	2.108	1	1	1	1	1	1	1.035	1	1	1	0	1	2	3	1	1.985	1	1	1	1	1	1	1	1	1	1	0	0	1	1	1	1	1	1	1	1	0	2	1	1	1	1	1.0015	1	2.082	0	1	1.976	1	1	1	1.024	1	2	1	1	2	1	1	2.0335	1.0365	1	1.007	1	1	1	1.5575	1	1	1	1.8775	1	0	0	0	1	1	0	1	1	0	0	0	1.004	0	1.002	1	1	1	1
rep3trunc	0	0	0	0	1	1.8485	0	1	1	1	1.0045	0	0	0	0	1	1	1.222	1	1	0	0	0	0	1	1	1	1	1	1	1	1	1.0205	1	1.0075	1	1	1	0	0	0	1.0405	1	1	1	0	1	1	1	1	1	1	0	0	0	1	1	1	1	1	1	1	1	1	1	1.1645	1	1	1	1.009	0	1	1	1	1.0005	1	1	1	1	1	1	2	1	0	1	1.0165	1	1	1	1	1	0	1	1	1	1	1	1	1.004	1	1	1.1165	1	1	1	1	1	1.0085	1	1	1	1	1	1	1	0	1.0005	1	1	1	2.4025	1	1	1.003	1	0	1	1	1	0	0	0	1	1	1	0	1.056	1	1	1	0	0	1	1	1	0	0	1	1	1	1	1.001	1	1	0	0	0	0	0	0	1	1	1	2.897	1	1	1	0	0	0	0	1	1	1	1	1	1	1	1.001	1.023	1	0	1.718	1	0	1	0	1	1	0	0	0	0	0	1	1	0	0	0	0	1	1	2.006	1	0	0	1	0	0	1	1	1	0	0	0	1	0	1	0	1	1	0	0	1	0	1	0	1	0	0	1	1	1.001	1	1	1	1	1	1	1	2	1	1	2.2085	0	1	1	1.0235	1	0	1	1	1	1	1	2	1	0	1	1	1	0	1	0	0	0	0	0	0	0	1	0	1	0	2	0	0	1	1	0	0	1	0	0	1	0	0	0	1	1	1	1	0	0	0	1	1.0215	1.0085	1	1	1	1.002	1.02	1	1.4855	1	1	0	1	2	4.206	1	1	1	0	1	1.002	1	1	0	0	1	1	1	1	1	1	1.6605	1	1	1	1.07	1	1	1	1.0005	1	1	2.015	1	0	1	1.051	1	1	1	1	2	1	0	0	0	1	1	1	1	1	1	1	1	1.68	1	1	1	1	1.005	1	1	1	1	1	0	0	0	1	0	1.937	1.02	1	0	0	1	0	1.0405	1.255	1	1	1.075	1	1	1	0	1	1	1	1	1	1	0	1.016	0	0	1	1	1.043	1	1	1	1	0	1	2	1	1	1	1	1	1	1	1	1	0	0	1	1	1	1.0495	1.0385	1.034	1.0005	1	2	0	0	1	1	1	1	2	1	1	0	1.6145	2	1.139	1	1	1.0005	1	0	1	1	0	1	1	1.002	1	2	1	2	1	1	1	1	1	1	1	1	1	1	0	0	1	1	1	0	0	0	1	0	0	1	0	0	1	1	1	0	0	0	5.547	1	0	0	1	1	0	1	1	1.0825	0	1	2	1	1	1.0005	1	1	1	2.001	1	1	1.252	0	0	1	0	0	1	1	0	1.063	0	0	0	0	0	0	1	0	1	0	0	0	1	0	0	0	0	1	1	0	0	0	1.991	1	1	0	0	1	0	1	2.74	0	0	0	2.0095	1	1	1	1	1	1	0	1	1	0	0	1	0	0	0	1	1	1	1	3	1	1	1	1	1	1	1	1	1	0	1	1	1	1	1	3	1	1.087	1	1.997	2	1	1	0	1	1.05	1	2.001	1	1	1	1	1	1	1.026	1	1	1	1	1	1	1	1	1	1	1.3315	1	1.002	0	0	1	1	1	1	1	1	0	1	1	1	1	1.0005	1	1.0225	1	1.3755	1	0	1	2.107	1	1	1	1	1	1	1.032	1	1	1	0	1.007	2	3	1	1.996	1	1	1	1	1	1	1	1	1	1	0	0	1	1	1	1	1	1	1	1	0	2	1	1	1	1	1.002	1	2.0815	0	1	2	1	1	1	1	1	2	1	1	2	1	1	2.032	1.047	1	1.016	1	1	1	1.588	1	1	1	1.9	1	0	0	0	1	1	0	1	1	0	0	0	1.0005	0	1.001	1	1	1	1
rep4trunc	0	0	0	0	1	1.796	0	1	1	1	1.0015	0	0	0	0	1	1	1.198	1.0015	1	0	0	0	0	1	1	1	1	1	1	1	1	1.009	1	1.0105	1	1	1	0	0	0	1.0415	1	1	1	0	1	1	1	1	1	1	0	0	0	1	1	1	1	1	1	1	1	1	1	1.0875	1	1	1	1.014	0	1	1	1	1.035	1	1	1	1	1	1	2	1	0	1	1.0115	1	1	1	1	1	0	1	1	1	1	1	1	1.003	1	1	1.0705	1	1	1	1	1	1.0105	1	1	1	1	1	1	1	0	1.0015	1	1	1	2.263	1	1	1.002	1	0	1	1	1	0	0	0	1	1	1	0	1.0195	1	1	1	0	0	1	1	1	0	0	1	1	1	1	1.001	1	1	0	0	0	0	0	0	1	1	1	2.915	1	1	1	0	0	0	0	1	1.0005	1	1	1	1	1	1.0005	1.083	1	0	1.7245	1	0	1	0	1	1	0	0	0	0	0	1	1	0	0	0	0	1	1	2.006	1	0	0	1	0	0	1	1	1	0	0	0	1	0	1	0	1	1	0	0	1	0	1	0	1	0	0	1	1	1.0015	1	1	1	1	1	1	1	2	1	1	2.187	0	1	1	1.016	1	0	1	1	1	1	1	2	1	0	1	1	1	0	1	0	0	0	0	0	0	0	1	0	1	0	2	0	0	1	1	0	0	1	0	0	1	0	0	0	1	1	1	1	0	0	0	1	1.0495	1.002	1	1	1	1.005	1.0215	1	1.536	1	1	0	1	2	4.4855	1	1	1	0	1	1.001	1	1	0	0	1	1	1	1	1	1	1.636	1	1	1	1.1345	1	1	1	1	1	1	2.027	1	0	1	1.0305	1	1	1	1	2	1	0	0	0	1	1	1	1	1	1	1	1	1.651	1	1.0005	1	1	1.0025	1	1	1	1	1	0	0	0	1	0	1.94	1.0275	1	0	0	1	0	1.041	1.191	1	1	1.0095	1	1	1	0	1	1	1	1	1	1	0	1.0105	0	0	1	1	1.0385	1	1	1	1	0	1	1.993	1	1	1	1	1	1	1	1	1	0	0	1	1	1	1.0685	1.029	1.016	1.0005	1	2	0	0	1	1	1	1	2	1	1	0	1.7905	2	1.0765	1	1	1	1	0	1	1	0	1	1	1.013	1	2	1	2	1	1	1	1	1	1	1	1	1	1	0	0	1	1	1	0	0	0	1	0	0	1	0	0	1	1	1	0	0	0	5.4865	1	0	0	1	1	0	1	1	1.0955	0	1	2	1	1	1.001	1	1	1	2	1	1	1.176	0	0	1	0	0	1	1	0	1.06	0	0	0	0	0	0	1	0	1	0	0	0	1	0	0	0	0	1	1	0	0	0	1.9915	1	1	0	0	1	0	1	2.8155	0	0	0	2.0025	1	1	1	1	1	1	0	1	1	0	0	1	0	0	0	1	1	1	1	3.0035	1	1	1	1	1	1	1	1	1	0	1	1	1	1	1	3	1	1.0995	1	1.997	2	1	1	0	1	1.1035	1	2.004	1	1	1	1	1	1	1.02	1	1	1	1	1	1	1	1	1	1	1.3725	1	1.0025	0	0	1	1	1	1	1	1	0	1	1	1	1	1.0005	1	1.0145	1	1.3395	1	0	1	2.132	1	1	1	1	1	1	1.037	1	1	1	0	1.0005	2	3	1	1.997	1	1	1	1	1	1	1	1	1	1	0	0	1	1	1	1	1	1	1	1	0	2	1	1	1	1	1.0015	1	2.062	0	1	2	1	1	1	1	1	2	1	1	2	1	1	2.061	1.0195	1	1.0155	1	1	1	1.299	1	1	1	1.867	1	0	0	0	1	1	0	1	1	0	0	0	1	0	1.001	1	1	1	1
rep5trunc	0	0	0	0	1	1.836	0	1	1	1	1.002	0	0	0	0	1	1	1.18	1.002	1	0	0	0	0	1	1	1	1	1	1	1	1	1.017	1	1.013	1	1	1	0	0	0	1.0355	1	1	1	0	1	1	1	1	1	1	0	0	0	1	1	1	1	1	1	1	1	1	1	1.131	1	1	1	1.006	0	1	1	1	1.001	1	1	1	1	1	1	2	1	0	1	1.0075	1	1	1	1	1	0	1	1	1	1	1	1	1.002	1	1	1.101	1	1	1	1	1	1.021	1	1	1	1	1	1	1	0	1.001	1	1	1	2.369	1	1	1.0025	1	0	1	1	1	0	0	0	1	1	1	0	1.0565	1	1	1	0	0	1	1	1	0	0	1	1	1	1	1.0015	1	1	0	0	0	0	0	0	1	1	1	2.881	1	1	1	0	0	0	0	1	1.0005	1	1	1	1	1	1.003	1.0315	1	0	1.6115	1	0	1	0	1	1	0	0	0	0	0	1	1	0	0	0	0	1	1	2.008	1	0	0	1	0	0	1	1	1	0	0	0	1	0	1	0	1	1	0	0	1	0	1	0	1	0	0	1	1	1.001	1	1	1	1	1	1	1	2	1	1	2.304	0	1	1	1.032	1	0	1	1	1	1	1	2	1	0	1	1	1	0	1	0	0	0	0	0	0	0	1	0	1	0	2	0	0	1	1	0	0	1	0	0	1	0	0	0	1	1	1	1	0	0	0	1	1.03	1.0015	1	1	1	1.0005	1.0225	1	1.4905	1	1	0	1	2	4.6675	1	1	1	0	1	1	1	1	0	0	1	1	1	1	1	1	1.553	1	1	1	1.1995	1	1	1	1	1	1	2.0145	1	0	1	1.0475	1	1	1	1	2	1	0	0	0	1	1	1	1	1	1	1	1	1.349	1	1	1	1	1.005	1	1	1	1	1	0	0	0	1	0	1.936	1.0265	1	0	0	1	0	1.0595	1.263	1	1	1.0225	1	1	1	0	1	1	1	1	1	1	0	1.0135	0	0	1	1	1.037	1	1	1	1	0	1	2	1	1	1	1	1	1	1	1	1	0	0	1	1	1	1.0565	1.024	1.0355	1	1	2	0	0	1	1	1	1	2	1	1	0	1.6415	2	1.077	1	1	1	1	0	1	1	0	1	1	1.001	1	2	1	2	1	1	1	1	1	1	1	1	1	1	0	0	1	1	1	0	0	0	1	0	0	1	0	0	1	1	1	0	0	0	5.854	1	0	0	1	1	0	1	1	1.0765	0	1	2	1	1	1	1	1	1	2.001	1	1	1.08	0	0	1	0	0	1	1	0	1.0655	0	0	0	0	0	0	1	0	1	0	0	0	1	0	0	0	0	1	1	0	0	0	1.9805	1	1	0	0	1	0	1	2.7215	0	0	0	2.01	1	1	1	1	1	1	0	1	1	0	0	1	0	0	0	1	1	1	1	3.003	1	1	1	1	1	1	1	1	1	0	1	1	1	1	1	3	1	1.111	1	1.998	2	1	1	0	1	1.0445	1	2.0015	1	1	1	1	1	1	1	1	1	1	1	1	1	1	1	1	1	1.675	1	1	0	0	1	1	1	1	1	1	0	1	1	1	1	1.001	1	1.013	1	1.3505	1	0	1	2.097	1	1	1	1	1	1	1.0305	1	1	1	0	1	2	3	1	1.9935	1	1	1	1	1	1	1	1	1	1	0	0	1	1	1	1	1	1	1	1	0	2	1	1	1	1	1.0005	1	1.977	0	1	2	1	1	1	1	1	2	1	1	2	1	1	2.03	1.017	1	1.0185	1	1	1	1.1385	1	1	1	1.8105	1	0	0	0	1	1	0	1	1	0	0	0	1	0	1.0015	1	1	1	1
