P_name,Q_name,C_name,m,n,k,p,HS?,log10(p),DS(p),DS(p),min_rec_length,breakpoints
201303164_APURIMAC_CHINCHEROS_-13.5628_-73.7241_2013.9233,201302845_APURIMAC_CHINCHEROS_-13.5378_-73.7438_2013.2438,0038@2001_APURIMAC_PACOBAMBA_-13.61989_-73.07459_2001.9151,72,43,28,2e-12,0,-11.8235,4e-05,3.62434e-05,1598,1212-1296 & 3091-3234
201303164_APURIMAC_CHINCHEROS_-13.5628_-73.7241_2013.9233,201302845_APURIMAC_CHINCHEROS_-13.5378_-73.7438_2013.2438,0059@2000_APURIMAC_TALAVERA_-13.64024_-73.44811_2000,72,43,24,1.338e-09,0,-8.8737,0.03177,0.03177201,1455,1212-1296 & 2947-3026;1212-1296 & 3091-3234
201303164_APURIMAC_CHINCHEROS_-13.5628_-73.7241_2013.9233,201302845_APURIMAC_CHINCHEROS_-13.5378_-73.7438_2013.2438,0066@2001_AYACUCHO_LUIS-CARRANZA_-13.21421_-73.9077_2001.063,74,41,24,1.59e-10,0,-9.7983,0.00383,0.003833128,1455,1212-1296 & 2947-3026;1212-1296 & 3091-3234
201303164_APURIMAC_CHINCHEROS_-13.5628_-73.7241_2013.9233,201302845_APURIMAC_CHINCHEROS_-13.5378_-73.7438_2013.2438,0085@2001_AYACUCHO_OCROS_-13.38726_-73.88843_2001.0822,74,41,24,1.59e-10,0,-9.7983,0.00383,0.003833128,1455,1212-1296 & 2947-3026;1212-1296 & 3091-3234
201303164_APURIMAC_CHINCHEROS_-13.5628_-73.7241_2013.9233,201302845_APURIMAC_CHINCHEROS_-13.5378_-73.7438_2013.2438,0717@1997_APURIMAC_ONGOY_-13.37614_-73.6574_1997.0219,72,43,24,1.338e-09,0,-8.8737,0.03177,0.03177201,1455,1212-1296 & 2947-3026;1212-1296 & 3091-3234
200806324_APURIMAC_PACUCHA_-13.6075_-73.3_2008.847,201002581_APURIMAC_ANDARAPA_-13.5522_-73.3423_2010.389,0865@1998_APURIMAC_OCOBAMBA_-13.49733_-73.55038_1998.7425,20,25,25,7e-12,0,-11.1788,0.00016,0.0001598937,3057,549-847 & 9304-9360
201103118_APURIMAC_CHINCHEROS_-13.51619277_-73.72241881_2011.3973,201303164_APURIMAC_CHINCHEROS_-13.5628_-73.7241_2013.9233,1114@2004_AYACUCHO_OCROS_-13.42687_-73.84031_2004.0601,41,18,17,4e-12,0,-11.4349,9e-05,8.867679e-05,553,10266-10272 & 10904-10966
201303164_APURIMAC_CHINCHEROS_-13.5628_-73.7241_2013.9233,201302845_APURIMAC_CHINCHEROS_-13.5378_-73.7438_2013.2438,121@2001_APURIMAC_KISHUARA_-13.64361468_-73.16395048_2001.1178,72,43,28,2e-12,0,-11.8235,4e-05,3.62434e-05,1598,1212-1296 & 3091-3234
1114@2004_AYACUCHO_OCROS_-13.42687_-73.84031_2004.0601,201504304_CUSCO_LIMATAMBO_-13.474873_-72.439717_2015.4548,1232@2004_AYACUCHO_QUEROBAMBA_-14.03775_-73.83999_2004.1448,91,13,11,3.9e-11,0,-10.4129,0.00093,0.0009324172,716,6798-7072 & 7789-7814
201303164_APURIMAC_CHINCHEROS_-13.5628_-73.7241_2013.9233,201302845_APURIMAC_CHINCHEROS_-13.5378_-73.7438_2013.2438,1254@2000_APURIMAC_KISHUARA_-13.64361468_-73.16395048_2000.9536,72,43,28,2e-12,0,-11.8235,4e-05,3.62434e-05,1598,1212-1296 & 3091-3234
201002581_APURIMAC_ANDARAPA_-13.5522_-73.3423_2010.389,201302845_APURIMAC_CHINCHEROS_-13.5378_-73.7438_2013.2438,1255@2000_APURIMAC_KISHUARA_-13.63139_-73.19298_2000.9645,94,26,17,5e-12,0,-11.2655,0.00013,0.0001309815,214,11022-11290 & 11505-11643
201303164_APURIMAC_CHINCHEROS_-13.5628_-73.7241_2013.9233,201302845_APURIMAC_CHINCHEROS_-13.5378_-73.7438_2013.2438,146@2001_APURIMAC_SANTA-MARIA-DE-CHICMO_-13.61669_-73.55719_2001.126,72,43,28,2e-12,0,-11.8235,4e-05,3.62434e-05,1598,1212-1296 & 3091-3234
201103118_APURIMAC_CHINCHEROS_-13.51619277_-73.72241881_2011.3973,201302845_APURIMAC_CHINCHEROS_-13.5378_-73.7438_2013.2438,1469@2004_APURIMAC_ONGOY_-13.42647_-73.694_2004.2978,90,28,18,7e-12,0,-11.1585,0.00017,0.0001675337,343,9567-10270 & 10904-10978
201303164_APURIMAC_CHINCHEROS_-13.5628_-73.7241_2013.9233,201302845_APURIMAC_CHINCHEROS_-13.5378_-73.7438_2013.2438,1521@2004_AYACUCHO_CONCEPCION_-13.54748_-73.87069_2004.4262,80,35,22,7e-12,0,-11.1334,0.00018,0.0001775172,1396,1212-1296 & 2888-2948
201103118_APURIMAC_CHINCHEROS_-13.51619277_-73.72241881_2011.3973,201302845_APURIMAC_CHINCHEROS_-13.5378_-73.7438_2013.2438,1935@2010_APURIMAC_HUANCARAMA_-13.68247_-73.03259_2010.4877,98,27,20,0,0,-14.424,0,9.09279e-08,383,9567-9958 & 10904-10978
201303164_APURIMAC_CHINCHEROS_-13.5628_-73.7241_2013.9233,201302845_APURIMAC_CHINCHEROS_-13.5378_-73.7438_2013.2438,200805878_APURIMAC_HUANCARAY_-13.7336_-73.5541_2008.3852,80,35,22,7e-12,0,-11.1334,0.00018,0.0001775172,1396,1212-1296 & 2888-2948
201002581_APURIMAC_ANDARAPA_-13.5522_-73.3423_2010.389,201302845_APURIMAC_CHINCHEROS_-13.5378_-73.7438_2013.2438,200806324_APURIMAC_PACUCHA_-13.6075_-73.3_2008.847,100,19,17,0,0,-15.8564,0,3.359385e-09,214,11022-11290 & 11505-11643
201103118_APURIMAC_CHINCHEROS_-13.51619277_-73.72241881_2011.3973,201302845_APURIMAC_CHINCHEROS_-13.5378_-73.7438_2013.2438,200806405_AYACUCHO_CARHUANCA_-13.74782_-73.78754_2008.4508,109,28,20,0,0,-14.6773,0,5.074303e-08,383,9567-9958 & 10904-10978
201002581_APURIMAC_ANDARAPA_-13.5522_-73.3423_2010.389,201302845_APURIMAC_CHINCHEROS_-13.5378_-73.7438_2013.2438,200806413_APURIMAC_HUANCARAMA_-13.651_-73.0758_2008.4508,96,19,17,0,0,-15.598,0,6.09123e-09,214,11022-11290 & 11505-11643
201103118_APURIMAC_CHINCHEROS_-13.51619277_-73.72241881_2011.3973,201406807_APURIMAC_LAMBRAMA_-13.8427_-72.7355_2014.3562,200807270_AYACUCHO_OCROS_-13.38198_-73.89513_2008.5437,100,27,18,1e-12,0,-12.2934,1e-05,1.228183e-05,605,10119-10270 & 10904-10923;10119-10270 & 11069-11291
201002581_APURIMAC_ANDARAPA_-13.5522_-73.3423_2010.389,201302845_APURIMAC_CHINCHEROS_-13.5378_-73.7438_2013.2438,200807828_APURIMAC_OCOBAMBA_-13.4941_-73.544_2008.6421,97,21,17,0,0,-14.1362,0,1.763772e-07,214,11022-11290 & 11505-11643
201002581_APURIMAC_ANDARAPA_-13.5522_-73.3423_2010.389,201302845_APURIMAC_CHINCHEROS_-13.5378_-73.7438_2013.2438,200807998_APURIMAC_HUANCARAMA_-13.6408_-73.093_2008.4372,96,19,17,0,0,-15.598,0,6.09123e-09,214,11022-11290 & 11505-11643
201002581_APURIMAC_ANDARAPA_-13.5522_-73.3423_2010.389,201302845_APURIMAC_CHINCHEROS_-13.5378_-73.7438_2013.2438,200807999_APURIMAC_HUANCARAMA_-13.6452_-73.0856_2008.4372,101,19,17,0,0,-15.9196,0,2.904862e-09,214,11022-11290 & 11505-11643
201303164_APURIMAC_CHINCHEROS_-13.5628_-73.7241_2013.9233,201302845_APURIMAC_CHINCHEROS_-13.5378_-73.7438_2013.2438,200808049_APURIMAC_OCOBAMBA_-13.5602_-73.4846_2008.5191,70,45,30,1e-12,0,-12.2506,1e-05,1.355548e-05,2037,1212-1296 & 3732-3815
201303164_APURIMAC_CHINCHEROS_-13.5628_-73.7241_2013.9233,201302845_APURIMAC_CHINCHEROS_-13.5378_-73.7438_2013.2438,200808050_APURIMAC_OCOBAMBA_-13.5602_-73.4846_2008.5191,70,45,30,1e-12,0,-12.2506,1e-05,1.355548e-05,2037,1212-1296 & 3732-3815
1114@2004_AYACUCHO_OCROS_-13.42687_-73.84031_2004.0601,201504304_CUSCO_LIMATAMBO_-13.474873_-72.439717_2015.4548,200808836_AYACUCHO_BELEN_-13.8088_-73.7578_2008.7459,90,12,11,7e-12,0,-11.172,0.00016,0.0001624098,716,6798-7072 & 7789-7814
201002581_APURIMAC_ANDARAPA_-13.5522_-73.3423_2010.389,201302845_APURIMAC_CHINCHEROS_-13.5378_-73.7438_2013.2438,200808957_APURIMAC_OCOBAMBA_-13.5602_-73.4846_2008.5219,91,26,17,9e-12,0,-11.0631,0.00021,0.0002086893,214,11022-11290 & 11505-11643
201103118_APURIMAC_CHINCHEROS_-13.51619277_-73.72241881_2011.3973,201302845_APURIMAC_CHINCHEROS_-13.5378_-73.7438_2013.2438,200809051_AYACUCHO_BELEN_-13.8088_-73.7578_2008.6066,98,23,18,0,0,-14.2685,0,1.300581e-07,338,9960-10270 & 10904-10978
201103118_APURIMAC_CHINCHEROS_-13.51619277_-73.72241881_2011.3973,201302845_APURIMAC_CHINCHEROS_-13.5378_-73.7438_2013.2438,200810091_APURIMAC_HUANCARAY_-13.7339_-73.5572_2008.4426,112,25,18,0,0,-14.0253,0,2.276972e-07,341,9960-10270 & 10904-10978
200805878_APURIMAC_HUANCARAY_-13.7336_-73.5541_2008.3852,201002581_APURIMAC_ANDARAPA_-13.5522_-73.3423_2010.389,200900872_APURIMAC_PICHIRHUA_-13.6823_-72.9634_2009.4192,23,56,51,8e-12,0,-11.0839,2e-04,0.0001989284,1042,549-628 & 10909-11290
201103118_APURIMAC_CHINCHEROS_-13.51619277_-73.72241881_2011.3973,201303164_APURIMAC_CHINCHEROS_-13.5628_-73.7241_2013.9233,200901058_AYACUCHO_SAN-MIGUEL_-13.031624_-73.93711_2009.2192,37,22,18,1.607e-09,0,-8.7941,0.03803,0.03803492,555,9876-10270 & 10904-10966
201002581_APURIMAC_ANDARAPA_-13.5522_-73.3423_2010.389,201302845_APURIMAC_CHINCHEROS_-13.5378_-73.7438_2013.2438,200901102_APURIMAC_HUANCARAMA_-13.6497_-73.0807_2009.2274,101,19,17,0,0,-15.9196,0,2.904862e-09,214,11022-11290 & 11505-11643
201303164_APURIMAC_CHINCHEROS_-13.5628_-73.7241_2013.9233,201302845_APURIMAC_CHINCHEROS_-13.5378_-73.7438_2013.2438,200901108_AYACUCHO_QUEROBAMBA_-13.9738_-73.8607_2009.2301,80,35,22,7e-12,0,-11.1334,0.00018,0.0001775172,1396,1212-1296 & 2888-2948
201002581_APURIMAC_ANDARAPA_-13.5522_-73.3423_2010.389,201302845_APURIMAC_CHINCHEROS_-13.5378_-73.7438_2013.2438,200901552_APURIMAC_ABANCAY_-13.6416_-72.8907_2009.2959,101,19,17,0,0,-15.9196,0,2.904862e-09,214,11022-11290 & 11505-11643
201303164_APURIMAC_CHINCHEROS_-13.5628_-73.7241_2013.9233,201302845_APURIMAC_CHINCHEROS_-13.5378_-73.7438_2013.2438,200901828_APURIMAC_ANDARAPA_-13.5055_-73.4581_2009.2575,70,44,30,0,0,-12.7151,0,4.651327e-06,2035,1212-1296 & 3732-3815
201103118_APURIMAC_CHINCHEROS_-13.51619277_-73.72241881_2011.3973,201303164_APURIMAC_CHINCHEROS_-13.5628_-73.7241_2013.9233,200901926_AYACUCHO_SAN-MIGUEL_-13.11264_-73.86189_2009.2438,37,22,18,1.607e-09,0,-8.7941,0.03803,0.03803492,555,9876-10270 & 10904-10966
201002581_APURIMAC_ANDARAPA_-13.5522_-73.3423_2010.389,201302845_APURIMAC_CHINCHEROS_-13.5378_-73.7438_2013.2438,200901937_APURIMAC_PICHIRHUA_-13.6764_-72.9485_2009.5068,96,19,17,0,0,-15.598,0,6.09123e-09,214,11022-11290 & 11505-11643
201002581_APURIMAC_ANDARAPA_-13.5522_-73.3423_2010.389,201302845_APURIMAC_CHINCHEROS_-13.5378_-73.7438_2013.2438,200908192_APURIMAC_HUANIPACA_-13.471_-72.8639_2009.8247,101,19,17,0,0,-15.9196,0,2.904862e-09,214,11022-11290 & 11505-11643
201002581_APURIMAC_ANDARAPA_-13.5522_-73.3423_2010.389,201302845_APURIMAC_CHINCHEROS_-13.5378_-73.7438_2013.2438,201000183_APURIMAC_PACUCHA_-13.6075_-73.2726_2010.7479,101,19,17,0,0,-15.9196,0,2.904862e-09,214,11022-11290 & 11505-11643
201002581_APURIMAC_ANDARAPA_-13.5522_-73.3423_2010.389,201302845_APURIMAC_CHINCHEROS_-13.5378_-73.7438_2013.2438,201000189_APURIMAC_ABANCAY_-13.6626_-72.9365_2010.5808,101,19,17,0,0,-15.9196,0,2.904862e-09,214,11022-11290 & 11505-11643
201103118_APURIMAC_CHINCHEROS_-13.51619277_-73.72241881_2011.3973,201006402_APURIMAC_HUANCARAMA_-13.6452_-73.0856_2010.8822,201000257_APURIMAC_CHINCHEROS_-13.5224_-73.7151_2010.9151,86,18,16,0,0,-14.1723,0,1.623227e-07,590,10266-10272 & 10890-10907
201103118_APURIMAC_CHINCHEROS_-13.51619277_-73.72241881_2011.3973,201006402_APURIMAC_HUANCARAMA_-13.6452_-73.0856_2010.8822,201000359_APURIMAC_CHINCHEROS_-13.5224_-73.7151_2010.0438,83,18,16,0,0,-13.9634,0,2.625723e-07,588,9990-10272 & 10890-10907
201002581_APURIMAC_ANDARAPA_-13.5522_-73.3423_2010.389,201302845_APURIMAC_CHINCHEROS_-13.5378_-73.7438_2013.2438,201000420_APURIMAC_ABANCAY_-13.6703_-72.9299_2010.0548,101,19,17,0,0,-15.9196,0,2.904862e-09,214,11022-11290 & 11505-11643
201002581_APURIMAC_ANDARAPA_-13.5522_-73.3423_2010.389,201302845_APURIMAC_CHINCHEROS_-13.5378_-73.7438_2013.2438,201000421_APURIMAC_ABANCAY_-13.6359_-72.9095_2010.0548,101,19,17,0,0,-15.9196,0,2.904862e-09,214,11022-11290 & 11505-11643
201303164_APURIMAC_CHINCHEROS_-13.5628_-73.7241_2013.9233,201302845_APURIMAC_CHINCHEROS_-13.5378_-73.7438_2013.2438,201000435_AYACUCHO_CHALCOS_-13.8603_-73.7273_2010.0493,80,35,22,7e-12,0,-11.1334,0.00018,0.0001775172,1396,1212-1296 & 2888-2948
201002581_APURIMAC_ANDARAPA_-13.5522_-73.3423_2010.389,201302845_APURIMAC_CHINCHEROS_-13.5378_-73.7438_2013.2438,201000457_APURIMAC_ABANCAY_-13.616_-72.8889_2010.0603,101,19,17,0,0,-15.9196,0,2.904862e-09,214,11022-11290 & 11505-11643
201002581_APURIMAC_ANDARAPA_-13.5522_-73.3423_2010.389,201302845_APURIMAC_CHINCHEROS_-13.5378_-73.7438_2013.2438,201000516_APURIMAC_ABANCAY_-13.64260885_-72.88095487_2010.074,101,19,17,0,0,-15.9196,0,2.904862e-09,214,11022-11290 & 11505-11643
201002581_APURIMAC_ANDARAPA_-13.5522_-73.3423_2010.389,201302845_APURIMAC_CHINCHEROS_-13.5378_-73.7438_2013.2438,201000582_APURIMAC_CHINCHEROS_-13.518_-73.7228_2010.0027,101,19,17,0,0,-15.9196,0,2.904862e-09,214,11022-11290 & 11505-11643
201103118_APURIMAC_CHINCHEROS_-13.51619277_-73.72241881_2011.3973,201200329_APURIMAC_LAMBRAMA_-13.8137_-72.8199_2012.8333,201000589_APURIMAC_HUANCARAMA_-13.6452_-73.0856_2010.2493,88,38,24,0,0,-12.4306,1e-05,8.955283e-06,3989,6479-6712 & 10904-10923
201002581_APURIMAC_ANDARAPA_-13.5522_-73.3423_2010.389,201302845_APURIMAC_CHINCHEROS_-13.5378_-73.7438_2013.2438,201000696_APURIMAC_ABANCAY_-13.6262_-72.9358_2010.3315,101,19,17,0,0,-15.9196,0,2.904862e-09,214,11022-11290 & 11505-11643
201002581_APURIMAC_ANDARAPA_-13.5522_-73.3423_2010.389,201302845_APURIMAC_CHINCHEROS_-13.5378_-73.7438_2013.2438,201000727_APURIMAC_ABANCAY_-13.6235_-72.8979_2010.5836,101,19,17,0,0,-15.9196,0,2.904862e-09,214,11022-11290 & 11505-11643
201002581_APURIMAC_ANDARAPA_-13.5522_-73.3423_2010.389,201302845_APURIMAC_CHINCHEROS_-13.5378_-73.7438_2013.2438,201000730_APURIMAC_ABANCAY_-13.6359_-72.9095_2010.5836,101,19,17,0,0,-15.9196,0,2.904862e-09,214,11022-11290 & 11505-11643
201002581_APURIMAC_ANDARAPA_-13.5522_-73.3423_2010.389,201302845_APURIMAC_CHINCHEROS_-13.5378_-73.7438_2013.2438,201000746_APURIMAC_ABANCAY_-13.6235_-72.8979_2010.7507,101,19,17,0,0,-15.9196,0,2.904862e-09,214,11022-11290 & 11505-11643
201002581_APURIMAC_ANDARAPA_-13.5522_-73.3423_2010.389,201302845_APURIMAC_CHINCHEROS_-13.5378_-73.7438_2013.2438,201000890_APURIMAC_ABANCAY_-13.6235_-72.8979_2010.1397,94,19,17,0,0,-15.4651,0,8.272384e-09,214,11022-11290 & 11505-11643
201002581_APURIMAC_ANDARAPA_-13.5522_-73.3423_2010.389,201302845_APURIMAC_CHINCHEROS_-13.5378_-73.7438_2013.2438,201000942_APURIMAC_ABANCAY_-13.6874_-72.8885_2010.1534,96,19,17,0,0,-15.598,0,6.09123e-09,214,11022-11290 & 11505-11643
201002581_APURIMAC_ANDARAPA_-13.5522_-73.3423_2010.389,201302845_APURIMAC_CHINCHEROS_-13.5378_-73.7438_2013.2438,201000943_APURIMAC_ABANCAY_-13.6349_-72.9007_2010.1534,95,19,17,0,0,-15.5318,0,7.093318e-09,214,11022-11290 & 11505-11643
201303164_APURIMAC_CHINCHEROS_-13.5628_-73.7241_2013.9233,201302845_APURIMAC_CHINCHEROS_-13.5378_-73.7438_2013.2438,201002273_APURIMAC_PACUCHA_-13.5977_-73.3263_2010.0959,70,45,30,1e-12,0,-12.2506,1e-05,1.355548e-05,2037,1212-1296 & 3732-3815
201103118_APURIMAC_CHINCHEROS_-13.51619277_-73.72241881_2011.3973,201302845_APURIMAC_CHINCHEROS_-13.5378_-73.7438_2013.2438,201002275_AYACUCHO_CHILCAYOC_-13.9008_-73.7196_2010.011,97,24,18,0,0,-13.6066,0,5.970954e-07,338,9960-10270 & 10904-10978
201303164_APURIMAC_CHINCHEROS_-13.5628_-73.7241_2013.9233,201302845_APURIMAC_CHINCHEROS_-13.5378_-73.7438_2013.2438,201002580_APURIMAC_COCHARCAS_-13.6486_-73.7131_2010.389,80,35,22,7e-12,0,-11.1334,0.00018,0.0001775172,1396,1212-1296 & 2888-2948
201303164_APURIMAC_CHINCHEROS_-13.5628_-73.7241_2013.9233,201302845_APURIMAC_CHINCHEROS_-13.5378_-73.7438_2013.2438,201002581_APURIMAC_ANDARAPA_-13.5522_-73.3423_2010.389,70,45,30,1e-12,0,-12.2506,1e-05,1.355548e-05,2037,1212-1296 & 3732-3815
201303164_APURIMAC_CHINCHEROS_-13.5628_-73.7241_2013.9233,201302845_APURIMAC_CHINCHEROS_-13.5378_-73.7438_2013.2438,201002634_APURIMAC_ANDARAPA_-13.477_-73.3723_2010.389,70,45,30,1e-12,0,-12.2506,1e-05,1.355548e-05,2037,1212-1296 & 3732-3815
201002581_APURIMAC_ANDARAPA_-13.5522_-73.3423_2010.389,201302845_APURIMAC_CHINCHEROS_-13.5378_-73.7438_2013.2438,201002831_APURIMAC_ABANCAY_-13.6602_-72.9192_2010.3425,101,19,17,0,0,-15.9196,0,2.904862e-09,214,11022-11290 & 11505-11643
201002581_APURIMAC_ANDARAPA_-13.5522_-73.3423_2010.389,201302845_APURIMAC_CHINCHEROS_-13.5378_-73.7438_2013.2438,201002897_APURIMAC_ABANCAY_-13.64260885_-72.88095487_2010.8466,88,22,17,0,0,-12.8905,0,3.105575e-06,214,11022-11290 & 11505-11643
201002581_APURIMAC_ANDARAPA_-13.5522_-73.3423_2010.389,201302845_APURIMAC_CHINCHEROS_-13.5378_-73.7438_2013.2438,201002904_APURIMAC_HUANIPACA_-13.4367_-72.8935_2010.7616,94,19,17,0,0,-15.4651,0,8.272384e-09,214,11022-11290 & 11505-11643
201103118_APURIMAC_CHINCHEROS_-13.51619277_-73.72241881_2011.3973,201006402_APURIMAC_HUANCARAMA_-13.6452_-73.0856_2010.8822,201002976_AYACUCHO_CONCEPCION_-13.5327_-73.8751_2010.7616,86,18,16,0,0,-14.1723,0,1.623227e-07,590,10266-10272 & 10890-10907
201303164_APURIMAC_CHINCHEROS_-13.5628_-73.7241_2013.9233,201302845_APURIMAC_CHINCHEROS_-13.5378_-73.7438_2013.2438,201003038_APURIMAC_URANMARCA_-13.6725_-73.6879_2010.4685,70,45,30,1e-12,0,-12.2506,1e-05,1.355548e-05,2037,1212-1296 & 3732-3815
201002581_APURIMAC_ANDARAPA_-13.5522_-73.3423_2010.389,201302845_APURIMAC_CHINCHEROS_-13.5378_-73.7438_2013.2438,201003043_APURIMAC_RANRACANCHA_-13.5281_-73.5501_2010.474,101,19,17,0,0,-15.9196,0,2.904862e-09,214,11022-11290 & 11505-11643
201303164_APURIMAC_CHINCHEROS_-13.5628_-73.7241_2013.9233,201302845_APURIMAC_CHINCHEROS_-13.5378_-73.7438_2013.2438,201003044_APURIMAC_URANMARCA_-13.67327568_-73.66034054_2010.474,80,35,22,7e-12,0,-11.1334,0.00018,0.0001775172,1396,1212-1296 & 2888-2948
201303164_APURIMAC_CHINCHEROS_-13.5628_-73.7241_2013.9233,201302845_APURIMAC_CHINCHEROS_-13.5378_-73.7438_2013.2438,201003046_APURIMAC_HUANCARAMA_-13.6452_-73.0856_2010.4685,70,45,30,1e-12,0,-12.2506,1e-05,1.355548e-05,2037,1212-1296 & 3732-3815
201303164_APURIMAC_CHINCHEROS_-13.5628_-73.7241_2013.9233,201302845_APURIMAC_CHINCHEROS_-13.5378_-73.7438_2013.2438,201003075_AYACUCHO_CHILCAYOC_-13.9008_-73.7196_2010.4795,79,36,22,2.3e-11,0,-10.6361,0.00056,0.0005578004,1396,1212-1296 & 2888-2948
201002581_APURIMAC_ANDARAPA_-13.5522_-73.3423_2010.389,201302845_APURIMAC_CHINCHEROS_-13.5378_-73.7438_2013.2438,201003750_APURIMAC_PICHIRHUA_-13.7508_-72.9715_2010.6,95,19,17,0,0,-15.5318,0,7.093318e-09,214,11022-11290 & 11505-11643
201002581_APURIMAC_ANDARAPA_-13.5522_-73.3423_2010.389,201302845_APURIMAC_CHINCHEROS_-13.5378_-73.7438_2013.2438,201004174_APURIMAC_HUANIPACA_-13.4849_-72.8946_2010.6027,101,19,17,0,0,-15.9196,0,2.904862e-09,214,11022-11290 & 11505-11643
201002581_APURIMAC_ANDARAPA_-13.5522_-73.3423_2010.389,201302845_APURIMAC_CHINCHEROS_-13.5378_-73.7438_2013.2438,201006402_APURIMAC_HUANCARAMA_-13.6452_-73.0856_2010.8822,92,19,17,0,0,-15.3295,0,1.130196e-08,214,11022-11290 & 11505-11643
201002581_APURIMAC_ANDARAPA_-13.5522_-73.3423_2010.389,201302845_APURIMAC_CHINCHEROS_-13.5378_-73.7438_2013.2438,201006586_APURIMAC_PICHIRHUA_-13.7508_-72.9715_2010.9014,101,19,17,0,0,-15.9196,0,2.904862e-09,214,11022-11290 & 11505-11643
201002581_APURIMAC_ANDARAPA_-13.5522_-73.3423_2010.389,201302845_APURIMAC_CHINCHEROS_-13.5378_-73.7438_2013.2438,201009755_APURIMAC_ABANCAY_-13.67972_-72.87006_2010.0822,101,19,17,0,0,-15.9196,0,2.904862e-09,214,11022-11290 & 11505-11643
201002581_APURIMAC_ANDARAPA_-13.5522_-73.3423_2010.389,201302845_APURIMAC_CHINCHEROS_-13.5378_-73.7438_2013.2438,201100592_APURIMAC_LAMBRAMA_-13.76596764_-72.85201464_2011.7479,100,19,17,0,0,-15.8564,0,3.359385e-09,214,11022-11290 & 11505-11643
201002581_APURIMAC_ANDARAPA_-13.5522_-73.3423_2010.389,201302845_APURIMAC_CHINCHEROS_-13.5378_-73.7438_2013.2438,201100594_APURIMAC_PICHIRHUA_-13.7508_-72.9715_2011.7479,101,19,17,0,0,-15.9196,0,2.904862e-09,214,11022-11290 & 11505-11643
201002581_APURIMAC_ANDARAPA_-13.5522_-73.3423_2010.389,201302845_APURIMAC_CHINCHEROS_-13.5378_-73.7438_2013.2438,201101081_APURIMAC_LAMBRAMA_-13.7447_-72.867_2011.063,101,19,17,0,0,-15.9196,0,2.904862e-09,214,11022-11290 & 11505-11643
201002581_APURIMAC_ANDARAPA_-13.5522_-73.3423_2010.389,201302845_APURIMAC_CHINCHEROS_-13.5378_-73.7438_2013.2438,201101277_APURIMAC_LAMBRAMA_-13.74752073_-72.89668529_2011.3315,101,19,17,0,0,-15.9196,0,2.904862e-09,214,11022-11290 & 11505-11643
201002581_APURIMAC_ANDARAPA_-13.5522_-73.3423_2010.389,201302845_APURIMAC_CHINCHEROS_-13.5378_-73.7438_2013.2438,201101278_APURIMAC_LAMBRAMA_-13.74860789_-72.89700838_2011.4164,101,19,17,0,0,-15.9196,0,2.904862e-09,214,11022-11290 & 11505-11643
201103118_APURIMAC_CHINCHEROS_-13.51619277_-73.72241881_2011.3973,201006402_APURIMAC_HUANCARAMA_-13.6452_-73.0856_2010.8822,201101320_AYACUCHO_CONCEPCION_-13.56780197_-73.85621445_2011.4986,86,18,16,0,0,-14.1723,0,1.623227e-07,589,10266-10272 & 10890-10907
201002581_APURIMAC_ANDARAPA_-13.5522_-73.3423_2010.389,201302845_APURIMAC_CHINCHEROS_-13.5378_-73.7438_2013.2438,201101596_APURIMAC_ABANCAY_-13.61913225_-72.916739_2011.1315,101,19,17,0,0,-15.9196,0,2.904862e-09,214,11022-11290 & 11505-11643
201002581_APURIMAC_ANDARAPA_-13.5522_-73.3423_2010.389,201302845_APURIMAC_CHINCHEROS_-13.5378_-73.7438_2013.2438,201101597_APURIMAC_PICHIRHUA_-13.7404_-72.9795_2011.1315,101,19,17,0,0,-15.9196,0,2.904862e-09,214,11022-11290 & 11505-11643
201002581_APURIMAC_ANDARAPA_-13.5522_-73.3423_2010.389,201302845_APURIMAC_CHINCHEROS_-13.5378_-73.7438_2013.2438,201101598_APURIMAC_PICHIRHUA_-13.7508_-72.9715_2011.1342,101,19,17,0,0,-15.9196,0,2.904862e-09,214,11022-11290 & 11505-11643
201002581_APURIMAC_ANDARAPA_-13.5522_-73.3423_2010.389,201302845_APURIMAC_CHINCHEROS_-13.5378_-73.7438_2013.2438,201101650_APURIMAC_PICHIRHUA_-13.7508_-72.9715_2011.1479,101,19,17,0,0,-15.9196,0,2.904862e-09,214,11022-11290 & 11505-11643
201002581_APURIMAC_ANDARAPA_-13.5522_-73.3423_2010.389,201302845_APURIMAC_CHINCHEROS_-13.5378_-73.7438_2013.2438,201101947_APURIMAC_LAMBRAMA_-13.7447_-72.867_2011.9205,101,19,17,0,0,-15.9196,0,2.904862e-09,214,11022-11290 & 11505-11643
201002581_APURIMAC_ANDARAPA_-13.5522_-73.3423_2010.389,201302845_APURIMAC_CHINCHEROS_-13.5378_-73.7438_2013.2438,201101948_APURIMAC_LAMBRAMA_-13.7447_-72.867_2011.1973,101,19,17,0,0,-15.9196,0,2.904862e-09,214,11022-11290 & 11505-11643
201002581_APURIMAC_ANDARAPA_-13.5522_-73.3423_2010.389,201302845_APURIMAC_CHINCHEROS_-13.5378_-73.7438_2013.2438,201101951_APURIMAC_ABANCAY_-13.64260885_-72.88095487_2011.2027,101,19,17,0,0,-15.9196,0,2.904862e-09,214,11022-11290 & 11505-11643
201002581_APURIMAC_ANDARAPA_-13.5522_-73.3423_2010.389,201302845_APURIMAC_CHINCHEROS_-13.5378_-73.7438_2013.2438,201101952_APURIMAC_LAMBRAMA_-13.7447_-72.867_2011.1945,101,19,17,0,0,-15.9196,0,2.904862e-09,214,11022-11290 & 11505-11643
201002581_APURIMAC_ANDARAPA_-13.5522_-73.3423_2010.389,201302845_APURIMAC_CHINCHEROS_-13.5378_-73.7438_2013.2438,201101953_APURIMAC_LAMBRAMA_-13.79540123_-72.82386296_2011.1973,101,19,17,0,0,-15.9196,0,2.904862e-09,214,11022-11290 & 11505-11643
201303164_APURIMAC_CHINCHEROS_-13.5628_-73.7241_2013.9233,201302845_APURIMAC_CHINCHEROS_-13.5378_-73.7438_2013.2438,201102674_APURIMAC_CHINCHEROS_-13.5224_-73.7151_2011.3315,81,34,22,2e-12,0,-11.6501,5e-05,5.40276e-05,1396,1212-1296 & 2888-2948
201002581_APURIMAC_ANDARAPA_-13.5522_-73.3423_2010.389,201302845_APURIMAC_CHINCHEROS_-13.5378_-73.7438_2013.2438,201102834_APURIMAC_HUACCANA_-13.4297_-73.7768_2011.3616,93,21,17,0,0,-13.8711,0,3.248142e-07,214,11022-11290 & 11505-11643
201002581_APURIMAC_ANDARAPA_-13.5522_-73.3423_2010.389,201302845_APURIMAC_CHINCHEROS_-13.5378_-73.7438_2013.2438,201102927_APURIMAC_ABANCAY_-13.6602_-72.9192_2011.3726,101,19,17,0,0,-15.9196,0,2.904862e-09,214,11022-11290 & 11505-11643
201002581_APURIMAC_ANDARAPA_-13.5522_-73.3423_2010.389,201302845_APURIMAC_CHINCHEROS_-13.5378_-73.7438_2013.2438,201103051_APURIMAC_SAN-PEDRO-DE-CACHORA_-13.5113_-72.8246_2011.3918,101,19,17,0,0,-15.9196,0,2.904862e-09,214,11022-11290 & 11505-11643
201002581_APURIMAC_ANDARAPA_-13.5522_-73.3423_2010.389,201302845_APURIMAC_CHINCHEROS_-13.5378_-73.7438_2013.2438,201103052_APURIMAC_SAN-PEDRO-DE-CACHORA_-13.51264431_-72.81222981_2011.389,101,19,17,0,0,-15.9196,0,2.904862e-09,214,11022-11290 & 11505-11643
201103118_APURIMAC_CHINCHEROS_-13.51619277_-73.72241881_2011.3973,201006402_APURIMAC_HUANCARAMA_-13.6452_-73.0856_2010.8822,201103117_APURIMAC_ANCO-HUALLO_-13.5333_-73.6872_2011.3945,87,17,16,0,0,-15.1855,0,1.57466e-08,590,10266-10272 & 10890-10907
201303164_APURIMAC_CHINCHEROS_-13.5628_-73.7241_2013.9233,201302845_APURIMAC_CHINCHEROS_-13.5378_-73.7438_2013.2438,201103118_APURIMAC_CHINCHEROS_-13.51619277_-73.72241881_2011.3973,81,33,21,7e-12,0,-11.1692,0.00016,0.000163459,1382,1212-1296 & 2888-2948
201103118_APURIMAC_CHINCHEROS_-13.51619277_-73.72241881_2011.3973,201006402_APURIMAC_HUANCARAMA_-13.6452_-73.0856_2010.8822,201103231_APURIMAC_CHINCHEROS_-13.5628_-73.7241_2011.0986,86,18,16,0,0,-14.1723,0,1.623227e-07,588,10266-10272 & 10890-10907
201002581_APURIMAC_ANDARAPA_-13.5522_-73.3423_2010.389,201302845_APURIMAC_CHINCHEROS_-13.5378_-73.7438_2013.2438,201103299_APURIMAC_SAN-PEDRO-DE-CACHORA_-13.5116_-72.8313_2011.0986,101,19,17,0,0,-15.9196,0,2.904862e-09,214,11022-11290 & 11505-11643
201002581_APURIMAC_ANDARAPA_-13.5522_-73.3423_2010.389,201302845_APURIMAC_CHINCHEROS_-13.5378_-73.7438_2013.2438,201103353_APURIMAC_SAN-PEDRO-DE-CACHORA_-13.49833915_-72.80803857_2011.6795,101,19,17,0,0,-15.9196,0,2.904862e-09,214,11022-11290 & 11505-11643
201002581_APURIMAC_ANDARAPA_-13.5522_-73.3423_2010.389,201302845_APURIMAC_CHINCHEROS_-13.5378_-73.7438_2013.2438,201103355_APURIMAC_PICHIRHUA_-13.79335065_-72.99122792_2011.7616,101,19,17,0,0,-15.9196,0,2.904862e-09,214,11022-11290 & 11505-11643
201302285_AYACUCHO_SAN-MIGUEL_-13.0928_-73.9_2013.1452,201406789_APURIMAC_LAMBRAMA_-13.8427_-72.7355_2014.3562,201103827_APURIMAC_HUACCANA_-13.38818206_-73.68908828_2011.263,106,28,17,6e-12,0,-11.1998,0.00015,0.0001523546,287,6972-7016 & 7303-7406
201002581_APURIMAC_ANDARAPA_-13.5522_-73.3423_2010.389,201302845_APURIMAC_CHINCHEROS_-13.5378_-73.7438_2013.2438,201103990_APURIMAC_PICHIRHUA_-13.7833_-72.982_2011.5315,101,19,17,0,0,-15.9196,0,2.904862e-09,214,11022-11290 & 11505-11643
201103118_APURIMAC_CHINCHEROS_-13.51619277_-73.72241881_2011.3973,201006402_APURIMAC_HUANCARAMA_-13.6452_-73.0856_2010.8822,201104268_APURIMAC_ANCO-HUALLO_-13.5327_-73.6779_2011.9342,87,17,16,0,0,-15.1855,0,1.57466e-08,589,10266-10272 & 10890-10907
201303164_APURIMAC_CHINCHEROS_-13.5628_-73.7241_2013.9233,201302845_APURIMAC_CHINCHEROS_-13.5378_-73.7438_2013.2438,201104271_APURIMAC_ANDAHUAYLAS_-13.65862953_-73.41075343_2011.6164,69,45,30,1e-12,0,-12.1042,2e-05,1.898772e-05,2037,1212-1296 & 3732-3815
201303164_APURIMAC_CHINCHEROS_-13.5628_-73.7241_2013.9233,201302845_APURIMAC_CHINCHEROS_-13.5378_-73.7438_2013.2438,201104851_APURIMAC_OCOBAMBA_-13.5164_-73.5294_2011.7068,70,45,30,1e-12,0,-12.2506,1e-05,1.355548e-05,2037,1212-1296 & 3732-3815
201002581_APURIMAC_ANDARAPA_-13.5522_-73.3423_2010.389,201302845_APURIMAC_CHINCHEROS_-13.5378_-73.7438_2013.2438,201104852_APURIMAC_KISHUARA_-13.6134_-73.2032_2011.7068,101,19,17,0,0,-15.9196,0,2.904862e-09,214,11022-11290 & 11505-11643
201303164_APURIMAC_CHINCHEROS_-13.5628_-73.7241_2013.9233,201302845_APURIMAC_CHINCHEROS_-13.5378_-73.7438_2013.2438,201104853_APURIMAC_OCOBAMBA_-13.5602_-73.4846_2011.7068,70,45,30,1e-12,0,-12.2506,1e-05,1.355548e-05,2037,1212-1296 & 3732-3815
201002581_APURIMAC_ANDARAPA_-13.5522_-73.3423_2010.389,201302845_APURIMAC_CHINCHEROS_-13.5378_-73.7438_2013.2438,201105179_APURIMAC_LAMBRAMA_-13.79540123_-72.82386296_2011.7342,101,19,17,0,0,-15.9196,0,2.904862e-09,214,11022-11290 & 11505-11643
201002581_APURIMAC_ANDARAPA_-13.5522_-73.3423_2010.389,201302845_APURIMAC_CHINCHEROS_-13.5378_-73.7438_2013.2438,201105180_APURIMAC_LAMBRAMA_-13.7973_-72.8326_2011.7315,101,19,17,0,0,-15.9196,0,2.904862e-09,214,11022-11290 & 11505-11643
201303164_APURIMAC_CHINCHEROS_-13.5628_-73.7241_2013.9233,201302845_APURIMAC_CHINCHEROS_-13.5378_-73.7438_2013.2438,201105239_AYACUCHO_HUAMBALPA_-13.798_-73.818_2011.737,80,35,22,7e-12,0,-11.1334,0.00018,0.0001775172,1396,1212-1296 & 2888-2948
201103118_APURIMAC_CHINCHEROS_-13.51619277_-73.72241881_2011.3973,201006402_APURIMAC_HUANCARAMA_-13.6452_-73.0856_2010.8822,201105240_AYACUCHO_ACCOMARCA_-13.8084_-73.8583_2011.7397,86,18,16,0,0,-14.1723,0,1.623227e-07,590,10266-10272 & 10890-10907
201002581_APURIMAC_ANDARAPA_-13.5522_-73.3423_2010.389,201302845_APURIMAC_CHINCHEROS_-13.5378_-73.7438_2013.2438,201106098_APURIMAC_KISHUARA_-13.6308_-73.2021_2011.7726,101,19,17,0,0,-15.9196,0,2.904862e-09,214,11022-11290 & 11505-11643
201303164_APURIMAC_CHINCHEROS_-13.5628_-73.7241_2013.9233,201302845_APURIMAC_CHINCHEROS_-13.5378_-73.7438_2013.2438,201106249_APURIMAC_OCOBAMBA_-13.5164_-73.5294_2011.7726,70,45,30,1e-12,0,-12.2506,1e-05,1.355548e-05,2037,1212-1296 & 3732-3815
201303164_APURIMAC_CHINCHEROS_-13.5628_-73.7241_2013.9233,201302845_APURIMAC_CHINCHEROS_-13.5378_-73.7438_2013.2438,201106643_APURIMAC_TALAVERA_-13.646234_-73.44896_2011.7836,69,45,30,1e-12,0,-12.1042,2e-05,1.898772e-05,2037,1212-1296 & 3732-3815
201303164_APURIMAC_CHINCHEROS_-13.5628_-73.7241_2013.9233,201302845_APURIMAC_CHINCHEROS_-13.5378_-73.7438_2013.2438,201106837_APURIMAC_TALAVERA_-13.646234_-73.44896_2011.789,69,45,30,1e-12,0,-12.1042,2e-05,1.898772e-05,2037,1212-1296 & 3732-3815
201303164_APURIMAC_CHINCHEROS_-13.5628_-73.7241_2013.9233,201302845_APURIMAC_CHINCHEROS_-13.5378_-73.7438_2013.2438,201107414_APURIMAC_TALAVERA_-13.645173_-73.44613_2011.8192,69,45,30,1e-12,0,-12.1042,2e-05,1.898772e-05,2037,1212-1296 & 3732-3815
201002581_APURIMAC_ANDARAPA_-13.5522_-73.3423_2010.389,201302845_APURIMAC_CHINCHEROS_-13.5378_-73.7438_2013.2438,201108429_APURIMAC_SAN-PEDRO-DE-CACHORA_-13.5113_-72.8246_2011.6082,101,19,17,0,0,-15.9196,0,2.904862e-09,214,11022-11290 & 11505-11643
201002581_APURIMAC_ANDARAPA_-13.5522_-73.3423_2010.389,201302845_APURIMAC_CHINCHEROS_-13.5378_-73.7438_2013.2438,201108432_APURIMAC_SAN-PEDRO-DE-CACHORA_-13.4966_-72.808_2011.8603,101,19,17,0,0,-15.9196,0,2.904862e-09,214,11022-11290 & 11505-11643
201002581_APURIMAC_ANDARAPA_-13.5522_-73.3423_2010.389,201302845_APURIMAC_CHINCHEROS_-13.5378_-73.7438_2013.2438,201108434_APURIMAC_SAN-PEDRO-DE-CACHORA_-13.5121_-72.8129_2011.8603,101,19,17,0,0,-15.9196,0,2.904862e-09,214,11022-11290 & 11505-11643
201002581_APURIMAC_ANDARAPA_-13.5522_-73.3423_2010.389,201302845_APURIMAC_CHINCHEROS_-13.5378_-73.7438_2013.2438,201108640_APURIMAC_SAN-PEDRO-DE-CACHORA_-13.4966_-72.808_2011.8685,101,19,17,0,0,-15.9196,0,2.904862e-09,214,11022-11290 & 11505-11643
201002581_APURIMAC_ANDARAPA_-13.5522_-73.3423_2010.389,201302845_APURIMAC_CHINCHEROS_-13.5378_-73.7438_2013.2438,201108727_APURIMAC_SAN-PEDRO-DE-CACHORA_-13.4685_-72.7986_2011.8795,101,19,17,0,0,-15.9196,0,2.904862e-09,214,11022-11290 & 11505-11643
201002581_APURIMAC_ANDARAPA_-13.5522_-73.3423_2010.389,201302845_APURIMAC_CHINCHEROS_-13.5378_-73.7438_2013.2438,201108967_APURIMAC_CIRCA_-13.95693333_-72.89388817_2011.8959,101,19,17,0,0,-15.9196,0,2.904862e-09,214,11022-11290 & 11505-11643
201002581_APURIMAC_ANDARAPA_-13.5522_-73.3423_2010.389,201302845_APURIMAC_CHINCHEROS_-13.5378_-73.7438_2013.2438,201108968_APURIMAC_SAN-PEDRO-DE-CACHORA_-13.478_-72.80967_2011.8959,101,19,17,0,0,-15.9196,0,2.904862e-09,214,11022-11290 & 11505-11643
201002581_APURIMAC_ANDARAPA_-13.5522_-73.3423_2010.389,201302845_APURIMAC_CHINCHEROS_-13.5378_-73.7438_2013.2438,201109144_APURIMAC_HUANIPACA_-13.471_-72.8639_2011.9123,101,19,17,0,0,-15.9196,0,2.904862e-09,214,11022-11290 & 11505-11643
201303164_APURIMAC_CHINCHEROS_-13.5628_-73.7241_2013.9233,201302845_APURIMAC_CHINCHEROS_-13.5378_-73.7438_2013.2438,201109197_APURIMAC_OCOBAMBA_-13.5603_-73.4946_2011.4438,70,45,30,1e-12,0,-12.2506,1e-05,1.355548e-05,2037,1212-1296 & 3732-3815
201002581_APURIMAC_ANDARAPA_-13.5522_-73.3423_2010.389,201302845_APURIMAC_CHINCHEROS_-13.5378_-73.7438_2013.2438,201200030_APURIMAC_CIRCA_-13.8818_-72.8858_2011.9945,101,19,17,0,0,-15.9196,0,2.904862e-09,214,11022-11290 & 11505-11643
201002581_APURIMAC_ANDARAPA_-13.5522_-73.3423_2010.389,201302845_APURIMAC_CHINCHEROS_-13.5378_-73.7438_2013.2438,201200329_APURIMAC_LAMBRAMA_-13.8137_-72.8199_2012.8333,101,19,17,0,0,-15.9196,0,2.904862e-09,214,11022-11290 & 11505-11643
201002581_APURIMAC_ANDARAPA_-13.5522_-73.3423_2010.389,201302845_APURIMAC_CHINCHEROS_-13.5378_-73.7438_2013.2438,201200422_APURIMAC_LAMBRAMA_-13.831311_-72.825813_2012.0464,101,19,17,0,0,-15.9196,0,2.904862e-09,214,11022-11290 & 11505-11643
201002581_APURIMAC_ANDARAPA_-13.5522_-73.3423_2010.389,201302845_APURIMAC_CHINCHEROS_-13.5378_-73.7438_2013.2438,201200423_APURIMAC_LAMBRAMA_-13.824581_-72.820168_2012.0464,101,19,17,0,0,-15.9196,0,2.904862e-09,214,11022-11290 & 11505-11643
201002581_APURIMAC_ANDARAPA_-13.5522_-73.3423_2010.389,201302845_APURIMAC_CHINCHEROS_-13.5378_-73.7438_2013.2438,201200430_APURIMAC_LAMBRAMA_-13.8278_-72.8256_2012.0464,101,19,17,0,0,-15.9196,0,2.904862e-09,214,11022-11290 & 11505-11643
201303164_APURIMAC_CHINCHEROS_-13.5628_-73.7241_2013.9233,201302845_APURIMAC_CHINCHEROS_-13.5378_-73.7438_2013.2438,201200532_APURIMAC_TALAVERA_-13.6371_-73.4513_2012.0027,69,45,30,1e-12,0,-12.1042,2e-05,1.898772e-05,2037,1212-1296 & 3732-3815
201303164_APURIMAC_CHINCHEROS_-13.5628_-73.7241_2013.9233,201302845_APURIMAC_CHINCHEROS_-13.5378_-73.7438_2013.2438,201201068_APURIMAC_ONGOY_-13.4021_-73.5717_2012.1421,70,45,30,1e-12,0,-12.2506,1e-05,1.355548e-05,2037,1212-1296 & 3732-3815
201002581_APURIMAC_ANDARAPA_-13.5522_-73.3423_2010.389,201302845_APURIMAC_CHINCHEROS_-13.5378_-73.7438_2013.2438,201201104_APURIMAC_ABANCAY_-13.641482_-72.83627_2012.1448,101,19,17,0,0,-15.9196,0,2.904862e-09,214,11022-11290 & 11505-11643
201303164_APURIMAC_CHINCHEROS_-13.5628_-73.7241_2013.9233,201302845_APURIMAC_CHINCHEROS_-13.5378_-73.7438_2013.2438,201201352_APURIMAC_TALAVERA_-13.6437_-73.4484_2012.4208,69,45,30,1e-12,0,-12.1042,2e-05,1.898772e-05,2037,1212-1296 & 3732-3815
201002581_APURIMAC_ANDARAPA_-13.5522_-73.3423_2010.389,201302845_APURIMAC_CHINCHEROS_-13.5378_-73.7438_2013.2438,201202283_APURIMAC_CIRCA_-13.8994_-72.9026_2012.2951,101,19,17,0,0,-15.9196,0,2.904862e-09,214,11022-11290 & 11505-11643
201303164_APURIMAC_CHINCHEROS_-13.5628_-73.7241_2013.9233,201302845_APURIMAC_CHINCHEROS_-13.5378_-73.7438_2013.2438,201202423_APURIMAC_ONGOY_-13.4021_-73.5717_2012.3005,70,45,30,1e-12,0,-12.2506,1e-05,1.355548e-05,2037,1212-1296 & 3732-3815
201002581_APURIMAC_ANDARAPA_-13.5522_-73.3423_2010.389,201302845_APURIMAC_CHINCHEROS_-13.5378_-73.7438_2013.2438,201202676_APURIMAC_HUANIPACA_-13.4903_-72.8918_2012.2596,101,19,17,0,0,-15.9196,0,2.904862e-09,214,11022-11290 & 11505-11643
201103118_APURIMAC_CHINCHEROS_-13.51619277_-73.72241881_2011.3973,201006402_APURIMAC_HUANCARAMA_-13.6452_-73.0856_2010.8822,201202790_AYACUCHO_SAURAMA_-13.69616_-73.78245_2012.7596,86,18,16,0,0,-14.1723,0,1.623227e-07,590,10266-10272 & 10890-10907
201002581_APURIMAC_ANDARAPA_-13.5522_-73.3423_2010.389,201302845_APURIMAC_CHINCHEROS_-13.5378_-73.7438_2013.2438,201202909_APURIMAC_CIRCA_-13.8917_-72.9617_2012.3689,101,19,17,0,0,-15.9196,0,2.904862e-09,214,11022-11290 & 11505-11643
201002581_APURIMAC_ANDARAPA_-13.5522_-73.3423_2010.389,201302845_APURIMAC_CHINCHEROS_-13.5378_-73.7438_2013.2438,201203038_APURIMAC_CIRCA_-13.8917_-72.9617_2012.3798,101,19,17,0,0,-15.9196,0,2.904862e-09,214,11022-11290 & 11505-11643
201303164_APURIMAC_CHINCHEROS_-13.5628_-73.7241_2013.9233,201302845_APURIMAC_CHINCHEROS_-13.5378_-73.7438_2013.2438,201203659_APURIMAC_URANMARCA_-13.72706_-73.67477_2012.7623,80,35,22,7e-12,0,-11.1334,0.00018,0.0001775172,1396,1212-1296 & 2888-2948
201002581_APURIMAC_ANDARAPA_-13.5522_-73.3423_2010.389,201302845_APURIMAC_CHINCHEROS_-13.5378_-73.7438_2013.2438,201204031_APURIMAC_CURAHUASI_-13.541632_-72.64182_2012.4836,101,19,17,0,0,-15.9196,0,2.904862e-09,214,11022-11290 & 11505-11643
201002581_APURIMAC_ANDARAPA_-13.5522_-73.3423_2010.389,201302845_APURIMAC_CHINCHEROS_-13.5378_-73.7438_2013.2438,201204033_APURIMAC_CIRCA_-13.91296_-72.962987_2012.4836,101,19,17,0,0,-15.9196,0,2.904862e-09,214,11022-11290 & 11505-11643
201002581_APURIMAC_ANDARAPA_-13.5522_-73.3423_2010.389,201302845_APURIMAC_CHINCHEROS_-13.5378_-73.7438_2013.2438,201204043_APURIMAC_CIRCA_-13.8511_-72.9778_2012.4863,101,19,17,0,0,-15.9196,0,2.904862e-09,214,11022-11290 & 11505-11643
201002581_APURIMAC_ANDARAPA_-13.5522_-73.3423_2010.389,201302845_APURIMAC_CHINCHEROS_-13.5378_-73.7438_2013.2438,201204045_APURIMAC_CIRCA_-13.851854_-72.976275_2012.4863,101,19,17,0,0,-15.9196,0,2.904862e-09,214,11022-11290 & 11505-11643
201002581_APURIMAC_ANDARAPA_-13.5522_-73.3423_2010.389,201302845_APURIMAC_CHINCHEROS_-13.5378_-73.7438_2013.2438,201204244_APURIMAC_SAN-PEDRO-DE-CACHORA_-13.508855_-72.83628_2012.347,101,19,17,0,0,-15.9196,0,2.904862e-09,214,11022-11290 & 11505-11643
200900872_APURIMAC_PICHIRHUA_-13.6823_-72.9634_2009.4192,201508184_APURIMAC_KAQUIABAMBA_-13.534997_-73.270742_2015.789,201302243_APURIMAC_ANDARAPA_-13.566497_-73.44931_2013.1315,46,26,20,2.12e-10,0,-9.6739,0.0051,0.00510082,2438,7051-7087 & 9556-9707
201002581_APURIMAC_ANDARAPA_-13.5522_-73.3423_2010.389,201302845_APURIMAC_CHINCHEROS_-13.5378_-73.7438_2013.2438,201302245_APURIMAC_TINTAY_-13.905818_-73.07059_2013.1507,101,19,17,0,0,-15.9196,0,2.904862e-09,214,11022-11290 & 11505-11643
201002581_APURIMAC_ANDARAPA_-13.5522_-73.3423_2010.389,201302845_APURIMAC_CHINCHEROS_-13.5378_-73.7438_2013.2438,201302246_APURIMAC_CIRCA_-13.870303_-73.02098_2013.1425,101,19,17,0,0,-15.9196,0,2.904862e-09,214,11022-11290 & 11505-11643
201002581_APURIMAC_ANDARAPA_-13.5522_-73.3423_2010.389,201302845_APURIMAC_CHINCHEROS_-13.5378_-73.7438_2013.2438,201302247_APURIMAC_CIRCA_-14.005774_-72.91689_2013.1425,100,20,17,0,0,-15.0406,0,2.198059e-08,214,11022-11290 & 11505-11643
201103118_APURIMAC_CHINCHEROS_-13.51619277_-73.72241881_2011.3973,201303164_APURIMAC_CHINCHEROS_-13.5628_-73.7241_2013.9233,201302285_AYACUCHO_SAN-MIGUEL_-13.0928_-73.9_2013.1452,37,22,18,1.607e-09,0,-8.7941,0.03803,0.03803492,555,9876-10270 & 10904-10966
201302285_AYACUCHO_SAN-MIGUEL_-13.0928_-73.9_2013.1452,201406789_APURIMAC_LAMBRAMA_-13.8427_-72.7355_2014.3562,201302286_AYACUCHO_SAN-MIGUEL_-13.024243_-73.983397_2013.1507,114,20,16,0,0,-14.3674,0,1.035927e-07,226,6996-7077 & 7303-7406
201302285_AYACUCHO_SAN-MIGUEL_-13.0928_-73.9_2013.1452,201504536_APURIMAC_HUACCANA_-13.332169_-73.677393_2015.463,201302357_AYACUCHO_ANCO_-13.061535_-73.94153_2013.1507,119,14,11,1.4e-11,0,-10.844,0.00035,0.000345622,147,7071-7077 & 7224-7241
201302286_AYACUCHO_SAN-MIGUEL_-13.024243_-73.983397_2013.1507,201502324_APURIMAC_SAN-JUAN-DE-CHACNA_-13.93944_-73.176013_2015.274,201302438_AYACUCHO_SAN-MIGUEL_-13.01738_-73.98024_2013.1562,120,8,8,8.5e-11,0,-10.0725,0.00204,0.002040725,182,7083-7090 & 7273-7406
201002581_APURIMAC_ANDARAPA_-13.5522_-73.3423_2010.389,201302845_APURIMAC_CHINCHEROS_-13.5378_-73.7438_2013.2438,201302568_APURIMAC_CIRCA_-13.9387_-72.9147_2013.1973,95,20,17,0,0,-14.7165,0,4.636877e-08,214,11022-11290 & 11505-11643
0717@1997_APURIMAC_ONGOY_-13.37614_-73.6574_1997.0219,201106837_APURIMAC_TALAVERA_-13.646234_-73.44896_2011.789,201302656_AYACUCHO_SAN-MIGUEL_-13.007001_-73.964939_2013.2,52,12,12,1.6e-11,0,-10.7922,0.00039,0.0003894468,278,6966-6994 & 7273-7529
201103118_APURIMAC_CHINCHEROS_-13.51619277_-73.72241881_2011.3973,201006402_APURIMAC_HUANCARAMA_-13.6452_-73.0856_2010.8822,201302842_APURIMAC_ANCO-HUALLO_-13.522406_-73.70062_2013.2274,87,17,16,0,0,-15.1855,0,1.57466e-08,590,10266-10272 & 10890-10907
200806324_APURIMAC_PACUCHA_-13.6075_-73.3_2008.847,201002581_APURIMAC_ANDARAPA_-13.5522_-73.3423_2010.389,201302845_APURIMAC_CHINCHEROS_-13.5378_-73.7438_2013.2438,19,25,24,5.81e-10,0,-9.2361,0.01392,0.01391691,673,549-847 & 9304-9360;549-847 & 9922-11290
201103118_APURIMAC_CHINCHEROS_-13.51619277_-73.72241881_2011.3973,201006402_APURIMAC_HUANCARAMA_-13.6452_-73.0856_2010.8822,201302846_APURIMAC_CHINCHEROS_-13.5628_-73.7241_2013.2384,87,17,16,0,0,-15.1855,0,1.57466e-08,590,10266-10272 & 10890-10907
201103118_APURIMAC_CHINCHEROS_-13.51619277_-73.72241881_2011.3973,201503949_APURIMAC_PACUCHA_-13.630768_-73.274009_2015.4274,201302847_APURIMAC_CHINCHEROS_-13.5628_-73.7241_2013.2356,126,19,16,0,0,-15.6642,0,5.229371e-09,586,10266-10272 & 10890-10907
201103118_APURIMAC_CHINCHEROS_-13.51619277_-73.72241881_2011.3973,201006402_APURIMAC_HUANCARAMA_-13.6452_-73.0856_2010.8822,201303075_APURIMAC_HUACCANA_-13.374975_-73.71266_2013.589,87,17,16,0,0,-15.1855,0,1.57466e-08,590,10266-10272 & 10890-10907
201302285_AYACUCHO_SAN-MIGUEL_-13.0928_-73.9_2013.1452,201406789_APURIMAC_LAMBRAMA_-13.8427_-72.7355_2014.3562,201303087_AYACUCHO_SAN-MIGUEL_-13.0263_-73.9049_2013.2548,116,18,16,0,0,-15.9585,0,2.656036e-09,226,6996-7077 & 7303-7406
201103118_APURIMAC_CHINCHEROS_-13.51619277_-73.72241881_2011.3973,201302845_APURIMAC_CHINCHEROS_-13.5378_-73.7438_2013.2438,201303164_APURIMAC_CHINCHEROS_-13.5628_-73.7241_2013.9233,81,22,18,0,0,-13.6616,0,5.260787e-07,343,9567-10270 & 10904-10978
201002581_APURIMAC_ANDARAPA_-13.5522_-73.3423_2010.389,201302845_APURIMAC_CHINCHEROS_-13.5378_-73.7438_2013.2438,201303167_CUSCO_MOLLEPATA_-13.489653_-72.57084_2013.2877,101,19,17,0,0,-15.9196,0,2.904862e-09,214,11022-11290 & 11505-11643
201002581_APURIMAC_ANDARAPA_-13.5522_-73.3423_2010.389,201302845_APURIMAC_CHINCHEROS_-13.5378_-73.7438_2013.2438,201303184_APURIMAC_KAQUIABAMBA_-13.5415_-73.2699_2013.2795,101,19,17,0,0,-15.9196,0,2.904862e-09,214,11022-11290 & 11505-11643
201103118_APURIMAC_CHINCHEROS_-13.51619277_-73.72241881_2011.3973,201006402_APURIMAC_HUANCARAMA_-13.6452_-73.0856_2010.8822,201303241_APURIMAC_CHINCHEROS_-13.534007_-73.73842_2013.2959,85,17,16,0,0,-15.0483,0,2.15986e-08,590,10266-10272 & 10890-10907
201002581_APURIMAC_ANDARAPA_-13.5522_-73.3423_2010.389,201302845_APURIMAC_CHINCHEROS_-13.5378_-73.7438_2013.2438,201303343_APURIMAC_CIRCA_-13.978697_-72.89447_2013.3014,100,20,17,0,0,-15.0406,0,2.198059e-08,214,11022-11290 & 11505-11643
201002581_APURIMAC_ANDARAPA_-13.5522_-73.3423_2010.389,201302845_APURIMAC_CHINCHEROS_-13.5378_-73.7438_2013.2438,201303344_APURIMAC_LAMBRAMA_-13.802454_-72.81425_2013.3014,101,19,17,0,0,-15.9196,0,2.904862e-09,214,11022-11290 & 11505-11643
201002581_APURIMAC_ANDARAPA_-13.5522_-73.3423_2010.389,201302845_APURIMAC_CHINCHEROS_-13.5378_-73.7438_2013.2438,201303425_CUSCO_MOLLEPATA_-13.502965_-72.61163_2013.3014,101,19,17,0,0,-15.9196,0,2.904862e-09,214,11022-11290 & 11505-11643
201002581_APURIMAC_ANDARAPA_-13.5522_-73.3423_2010.389,201302845_APURIMAC_CHINCHEROS_-13.5378_-73.7438_2013.2438,201303468_APURIMAC_TINTAY_-13.9077_-73.1273_2013.3178,101,19,17,0,0,-15.9196,0,2.904862e-09,214,11022-11290 & 11505-11643
201302285_AYACUCHO_SAN-MIGUEL_-13.0928_-73.9_2013.1452,201406789_APURIMAC_LAMBRAMA_-13.8427_-72.7355_2014.3562,201303603_AYACUCHO_LUIS-CARRANZA_-13.213168_-73.90463_2013.1726,114,20,16,0,0,-14.3674,0,1.035927e-07,226,6996-7077 & 7303-7406
201103118_APURIMAC_CHINCHEROS_-13.51619277_-73.72241881_2011.3973,201303164_APURIMAC_CHINCHEROS_-13.5628_-73.7241_2013.9233,201303604_AYACUCHO_LUIS-CARRANZA_-13.21531_-73.90516_2013.2575,36,21,18,4.42e-10,0,-9.3547,0.01061,0.01060817,555,9876-10270 & 10904-10966
201302285_AYACUCHO_SAN-MIGUEL_-13.0928_-73.9_2013.1452,201406789_APURIMAC_LAMBRAMA_-13.8427_-72.7355_2014.3562,201303652_AYACUCHO_LUIS-CARRANZA_-13.215388_-73.90328_2013.3397,114,20,16,0,0,-14.3674,0,1.035927e-07,226,6996-7077 & 7303-7406
201302285_AYACUCHO_SAN-MIGUEL_-13.0928_-73.9_2013.1452,201406789_APURIMAC_LAMBRAMA_-13.8427_-72.7355_2014.3562,201303656_AYACUCHO_SAN-MIGUEL_-13.0263_-73.9049_2013.5068,114,20,16,0,0,-14.3674,0,1.035927e-07,226,6996-7077 & 7303-7406
201302285_AYACUCHO_SAN-MIGUEL_-13.0928_-73.9_2013.1452,201406789_APURIMAC_LAMBRAMA_-13.8427_-72.7355_2014.3562,201303657_AYACUCHO_LUIS-CARRANZA_-13.189269_-73.901935_2013.3342,114,20,16,0,0,-14.3674,0,1.035927e-07,226,6996-7077 & 7303-7406
201302285_AYACUCHO_SAN-MIGUEL_-13.0928_-73.9_2013.1452,201406789_APURIMAC_LAMBRAMA_-13.8427_-72.7355_2014.3562,201303706_AYACUCHO_LUIS-CARRANZA_-13.220642_-73.90131_2013.1726,114,20,16,0,0,-14.3674,0,1.035927e-07,226,6996-7077 & 7303-7406
201002581_APURIMAC_ANDARAPA_-13.5522_-73.3423_2010.389,201302845_APURIMAC_CHINCHEROS_-13.5378_-73.7438_2013.2438,201303801_APURIMAC_CIRCA_-14.0035_-72.9152_2013.3616,100,20,17,0,0,-15.0406,0,2.198059e-08,214,11022-11290 & 11505-11643
201002581_APURIMAC_ANDARAPA_-13.5522_-73.3423_2010.389,201302845_APURIMAC_CHINCHEROS_-13.5378_-73.7438_2013.2438,201303802_APURIMAC_CIRCA_-14.0035_-72.9152_2013.926,98,21,17,0,0,-14.201,0,1.519491e-07,214,11022-11290 & 11505-11643
201103118_APURIMAC_CHINCHEROS_-13.51619277_-73.72241881_2011.3973,201006402_APURIMAC_HUANCARAMA_-13.6452_-73.0856_2010.8822,201303865_APURIMAC_ANDARAPA_-13.442991_-73.37398_2013.3836,86,18,16,0,0,-14.1723,0,1.623227e-07,588,10266-10272 & 10890-10907
201103118_APURIMAC_CHINCHEROS_-13.51619277_-73.72241881_2011.3973,201302568_APURIMAC_CIRCA_-13.9387_-72.9147_2013.1973,201304261_APURIMAC_CHINCHEROS_-13.5628_-73.7241_2013.3425,92,20,16,0,0,-13.0881,0,1.970637e-06,534,10266-10272 & 10890-10907
201002581_APURIMAC_ANDARAPA_-13.5522_-73.3423_2010.389,201302845_APURIMAC_CHINCHEROS_-13.5378_-73.7438_2013.2438,201304614_APURIMAC_KISHUARA_-13.5856_-73.1692_2013.4712,102,18,15,0,0,-13.5987,0,6.080631e-07,214,11022-11290 & 11505-11643
201002581_APURIMAC_ANDARAPA_-13.5522_-73.3423_2010.389,201302845_APURIMAC_CHINCHEROS_-13.5378_-73.7438_2013.2438,201304940_APURIMAC_ANDARAPA_-13.477_-73.3723_2013.3452,74,19,17,0,0,-13.9735,0,2.565872e-07,213,11022-11290 & 11505-11643
201302285_AYACUCHO_SAN-MIGUEL_-13.0928_-73.9_2013.1452,201406789_APURIMAC_LAMBRAMA_-13.8427_-72.7355_2014.3562,201305291_AYACUCHO_SAN-MIGUEL_-12.992062_-73.93046_2013.5342,114,20,16,0,0,-14.3674,0,1.035927e-07,226,6996-7077 & 7303-7406
200806324_APURIMAC_PACUCHA_-13.6075_-73.3_2008.847,201002581_APURIMAC_ANDARAPA_-13.5522_-73.3423_2010.389,201305569_APURIMAC_ANDARAPA_-13.5491_-73.3636_2013.3479,20,25,25,7e-12,0,-11.1788,0.00016,0.0001598937,3063,549-847 & 9304-9360
201103118_APURIMAC_CHINCHEROS_-13.51619277_-73.72241881_2011.3973,201006402_APURIMAC_HUANCARAMA_-13.6452_-73.0856_2010.8822,201305685_APURIMAC_CHINCHEROS_-13.5097_-73.7769_2013.6192,87,17,16,0,0,-15.1855,0,1.57466e-08,588,10266-10272 & 10890-10907
201303164_APURIMAC_CHINCHEROS_-13.5628_-73.7241_2013.9233,201302845_APURIMAC_CHINCHEROS_-13.5378_-73.7438_2013.2438,201305768_APURIMAC_ANDARAPA_-13.477_-73.3723_2013.9342,70,45,30,1e-12,0,-12.2506,1e-05,1.355548e-05,2036,1212-1296 & 3732-3815
201408819_CUSCO_LIMATAMBO_-13.4366_-72.4435_2014.9616,201302845_APURIMAC_CHINCHEROS_-13.5378_-73.7438_2013.2438,201306274_CUSCO_MOLLEPATA_-13.512372_-72.58816_2013.3507,105,17,16,0,0,-16.3055,0,1.19457e-09,361,1212-1501 & 1867-1904
201002581_APURIMAC_ANDARAPA_-13.5522_-73.3423_2010.389,201302845_APURIMAC_CHINCHEROS_-13.5378_-73.7438_2013.2438,201310976_APURIMAC_LAMBRAMA_-13.768537_-72.85934_2013.9726,101,19,17,0,0,-15.9196,0,2.904862e-09,214,11022-11290 & 11505-11643
201002581_APURIMAC_ANDARAPA_-13.5522_-73.3423_2010.389,201302845_APURIMAC_CHINCHEROS_-13.5378_-73.7438_2013.2438,201400778_APURIMAC_TINTAY_-13.94099_-73.09828_2014.0027,101,19,17,0,0,-15.9196,0,2.904862e-09,214,11022-11290 & 11505-11643
201002581_APURIMAC_ANDARAPA_-13.5522_-73.3423_2010.389,201302845_APURIMAC_CHINCHEROS_-13.5378_-73.7438_2013.2438,201404996_CUSCO_LIMATAMBO_-13.465331_-72.45763_2014.7014,101,19,17,0,0,-15.9196,0,2.904862e-09,214,11022-11290 & 11505-11643
201002581_APURIMAC_ANDARAPA_-13.5522_-73.3423_2010.389,201302845_APURIMAC_CHINCHEROS_-13.5378_-73.7438_2013.2438,201406789_APURIMAC_LAMBRAMA_-13.8427_-72.7355_2014.3562,100,20,17,0,0,-15.0406,0,2.198059e-08,214,11022-11290 & 11505-11643
201002581_APURIMAC_ANDARAPA_-13.5522_-73.3423_2010.389,201302845_APURIMAC_CHINCHEROS_-13.5378_-73.7438_2013.2438,201406807_APURIMAC_LAMBRAMA_-13.8427_-72.7355_2014.3562,95,20,17,0,0,-14.7165,0,4.636877e-08,214,11022-11290 & 11505-11643
201002581_APURIMAC_ANDARAPA_-13.5522_-73.3423_2010.389,201302845_APURIMAC_CHINCHEROS_-13.5378_-73.7438_2013.2438,201407350_APURIMAC_LAMBRAMA_-13.8427_-72.7355_2014.8685,101,19,17,0,0,-15.9196,0,2.904862e-09,214,11022-11290 & 11505-11643
201002581_APURIMAC_ANDARAPA_-13.5522_-73.3423_2010.389,201302845_APURIMAC_CHINCHEROS_-13.5378_-73.7438_2013.2438,201407352_APURIMAC_LAMBRAMA_-13.8427_-72.7355_2014.8712,100,20,17,0,0,-15.0406,0,2.198059e-08,214,11022-11290 & 11505-11643
201002581_APURIMAC_ANDARAPA_-13.5522_-73.3423_2010.389,201302845_APURIMAC_CHINCHEROS_-13.5378_-73.7438_2013.2438,201408059_APURIMAC_PACOBAMBA_-13.611538_-73.10739_2014.9096,101,19,17,0,0,-15.9196,0,2.904862e-09,214,11022-11290 & 11505-11643
201002581_APURIMAC_ANDARAPA_-13.5522_-73.3423_2010.389,201302845_APURIMAC_CHINCHEROS_-13.5378_-73.7438_2013.2438,201408193_APURIMAC_CHACOCHE_-13.8754_-73.0271_2014.0301,101,19,17,0,0,-15.9196,0,2.904862e-09,214,11022-11290 & 11505-11643
201103118_APURIMAC_CHINCHEROS_-13.51619277_-73.72241881_2011.3973,201406807_APURIMAC_LAMBRAMA_-13.8427_-72.7355_2014.3562,201408649_APURIMAC_ANCO-HUALLO_-13.525067_-73.68307_2014.9479,106,21,16,0,0,-13.3153,0,1.167777e-06,590,10266-10272 & 10890-10907
201002581_APURIMAC_ANDARAPA_-13.5522_-73.3423_2010.389,201302845_APURIMAC_CHINCHEROS_-13.5378_-73.7438_2013.2438,201408819_CUSCO_LIMATAMBO_-13.4366_-72.4435_2014.9616,95,21,16,0,0,-12.6635,1e-05,5.237679e-06,210,11022-11290 & 11505-11643
201002581_APURIMAC_ANDARAPA_-13.5522_-73.3423_2010.389,201302845_APURIMAC_CHINCHEROS_-13.5378_-73.7438_2013.2438,201408891_APURIMAC_HUANIPACA_-13.4846_-72.9266_2014.9644,96,19,17,0,0,-15.598,0,6.09123e-09,214,11022-11290 & 11505-11643
201408819_CUSCO_LIMATAMBO_-13.4366_-72.4435_2014.9616,201302845_APURIMAC_CHINCHEROS_-13.5378_-73.7438_2013.2438,201501900_CUSCO_LIMATAMBO_-13.474914_-72.442247_2015.2219,102,15,15,0,0,-16.4865,0,7.873481e-10,258,1212-1501 & 1762-1870
201303164_APURIMAC_CHINCHEROS_-13.5628_-73.7241_2013.9233,201002581_APURIMAC_ANDARAPA_-13.5522_-73.3423_2010.389,201502324_APURIMAC_SAN-JUAN-DE-CHACNA_-13.93944_-73.176013_2015.274,17,64,62,0,0,-12.4044,1e-05,9.513144e-06,792,549-628 & 10970-11290
201302286_AYACUCHO_SAN-MIGUEL_-13.024243_-73.983397_2013.1507,200806324_APURIMAC_PACUCHA_-13.6075_-73.3_2008.847,201503776_AYACUCHO_TAMBO_-12.925632_-74.001671_2015.4164,82,18,17,0,0,-15.5771,0,6.390795e-09,283,1218-1477 & 1762-1810
201303164_APURIMAC_CHINCHEROS_-13.5628_-73.7241_2013.9233,201302845_APURIMAC_CHINCHEROS_-13.5378_-73.7438_2013.2438,201503933_APURIMAC_ONGOY_-13.399971_-73.569138_2015.4247,69,46,30,2e-12,0,-11.6585,5e-05,5.298252e-05,2037,1212-1296 & 3732-3815
201303164_APURIMAC_CHINCHEROS_-13.5628_-73.7241_2013.9233,201302845_APURIMAC_CHINCHEROS_-13.5378_-73.7438_2013.2438,201503947_APURIMAC_ONGOY_-13.399971_-73.569138_2015.4247,68,41,30,0,0,-13.9434,0,2.749544e-07,2037,1212-1296 & 3732-3815
201002581_APURIMAC_ANDARAPA_-13.5522_-73.3423_2010.389,201505915_APURIMAC_CHINCHEROS_-13.565927_-73.717444_2015.5973,201503949_APURIMAC_PACUCHA_-13.630768_-73.274009_2015.4274,76,32,24,0,0,-14.0764,0,2.024474e-07,1509,9876-9958 & 11505-11534
201408819_CUSCO_LIMATAMBO_-13.4366_-72.4435_2014.9616,201302845_APURIMAC_CHINCHEROS_-13.5378_-73.7438_2013.2438,201504074_APURIMAC_CURAHUASI_-13.634935_-72.607949_2015.4384,106,17,16,0,0,-16.3624,0,1.047859e-09,361,1212-1501 & 1867-1904
201103118_APURIMAC_CHINCHEROS_-13.51619277_-73.72241881_2011.3973,201406807_APURIMAC_LAMBRAMA_-13.8427_-72.7355_2014.3562,201504101_AYACUCHO_CHILCAYOC_-13.89729_-73.73713_2015.4384,105,21,16,0,0,-13.2587,0,1.330417e-06,587,10119-10272 & 10890-10907
201103118_APURIMAC_CHINCHEROS_-13.51619277_-73.72241881_2011.3973,201501900_CUSCO_LIMATAMBO_-13.474914_-72.442247_2015.2219,201504106_AYACUCHO_CHILCAYOC_-13.89974_-73.73968_2015.4384,98,23,18,0,0,-14.2685,0,1.300581e-07,589,9990-10270 & 10890-10907
201103118_APURIMAC_CHINCHEROS_-13.51619277_-73.72241881_2011.3973,201006402_APURIMAC_HUANCARAMA_-13.6452_-73.0856_2010.8822,201504112_AYACUCHO_INDEPENDENCIA_-13.89181_-73.85524_2015.4384,77,22,19,0,0,-14.7002,0,4.813391e-08,872,9876-9976 & 10890-10907
201503776_AYACUCHO_TAMBO_-12.925632_-74.001671_2015.4164,1935@2010_APURIMAC_HUANCARAMA_-13.68247_-73.03259_2010.4877,201504237_AYACUCHO_SAN-MIGUEL_-13.051433_-73.968962_2015.4521,71,33,22,9e-12,0,-11.0638,0.00021,0.0002083585,2219,1218-1296 & 3679-4043
201408819_CUSCO_LIMATAMBO_-13.4366_-72.4435_2014.9616,201302845_APURIMAC_CHINCHEROS_-13.5378_-73.7438_2013.2438,201504304_CUSCO_LIMATAMBO_-13.474873_-72.439717_2015.4548,107,15,15,0,0,-16.7559,0,4.233966e-10,258,1212-1501 & 1762-1870
201103118_APURIMAC_CHINCHEROS_-13.51619277_-73.72241881_2011.3973,201006402_APURIMAC_HUANCARAMA_-13.6452_-73.0856_2010.8822,201504506_AYACUCHO_CONCEPCION_-13.58834_-73.83205_2015.4603,85,18,16,0,0,-14.1034,0,1.902222e-07,586,10266-10272 & 10890-10907
201103118_APURIMAC_CHINCHEROS_-13.51619277_-73.72241881_2011.3973,201006402_APURIMAC_HUANCARAMA_-13.6452_-73.0856_2010.8822,201504512_AYACUCHO_CONCEPCION_-13.58814_-73.83104_2015.4603,79,22,18,0,0,-13.498,0,7.668266e-07,889,9876-9958 & 10890-10907
201303164_APURIMAC_CHINCHEROS_-13.5628_-73.7241_2013.9233,201302845_APURIMAC_CHINCHEROS_-13.5378_-73.7438_2013.2438,201504536_APURIMAC_HUACCANA_-13.332169_-73.677393_2015.463,70,44,29,1e-12,0,-11.9045,3e-05,3.00716e-05,2037,1212-1296 & 3732-3815
201002581_APURIMAC_ANDARAPA_-13.5522_-73.3423_2010.389,201302845_APURIMAC_CHINCHEROS_-13.5378_-73.7438_2013.2438,201504555_APURIMAC_URANMARCA_-13.631465_-73.631465_2015.463,94,19,17,0,0,-15.4651,0,8.272384e-09,214,11022-11290 & 11505-11643
201002581_APURIMAC_ANDARAPA_-13.5522_-73.3423_2010.389,201302845_APURIMAC_CHINCHEROS_-13.5378_-73.7438_2013.2438,201504719_APURIMAC_PACUCHA_-13.591557_-73.229314_2015.4795,100,19,17,0,0,-15.8564,0,3.359385e-09,214,11022-11290 & 11505-11643
201302285_AYACUCHO_SAN-MIGUEL_-13.0928_-73.9_2013.1452,201406789_APURIMAC_LAMBRAMA_-13.8427_-72.7355_2014.3562,201504725_AYACUCHO_CHILCAS_-13.159661_-73.890494_2015.4795,114,18,14,0,0,-12.7228,0,4.569487e-06,224,6996-7077 & 7303-7406
201002581_APURIMAC_ANDARAPA_-13.5522_-73.3423_2010.389,201302845_APURIMAC_CHINCHEROS_-13.5378_-73.7438_2013.2438,201504849_APURIMAC_PICHIRHUA_-13.827655_-73.054762_2015.4932,100,19,17,0,0,-15.8564,0,3.359385e-09,214,11022-11290 & 11505-11643
201302285_AYACUCHO_SAN-MIGUEL_-13.0928_-73.9_2013.1452,201504719_APURIMAC_PACUCHA_-13.591557_-73.229314_2015.4795,201505080_AYACUCHO_SAN-MIGUEL_-12.982617_-73.971052_2015.5096,101,18,13,1.8e-11,0,-10.7363,0.00044,0.0004428995,218,6996-7077 & 7303-7406
201302285_AYACUCHO_SAN-MIGUEL_-13.0928_-73.9_2013.1452,201600572_APURIMAC_PACOBAMBA_-13.613882_-73.094338_2016.0383,201505081_AYACUCHO_TAMBO_-12.922334_-74.003375_2015.5096,102,15,11,2.24e-10,0,-9.649,0.0054,0.005400971,223,7023-7077 & 7303-7406
201000257_APURIMAC_CHINCHEROS_-13.5224_-73.7151_2010.9151,201503949_APURIMAC_PACUCHA_-13.630768_-73.274009_2015.4274,201505098_AYACUCHO_QUEROBAMBA_-14.022653_-73.859414_2015.5123,111,15,15,0,0,-16.9632,0,2.627243e-10,790,9921-9983 & 11009-11072
201103118_APURIMAC_CHINCHEROS_-13.51619277_-73.72241881_2011.3973,201600772_CUSCO_CHINCHAYPUJIO_-13.599835_-72.338584_2016.0683,201505182_AYACUCHO_QUEROBAMBA_-14.02205_-73.859482_2015.5178,87,19,17,0,0,-14.9787,0,2.53532e-08,300,9990-10270 & 10570-10616;9990-10270 & 10890-10907
201103118_APURIMAC_CHINCHEROS_-13.51619277_-73.72241881_2011.3973,201006402_APURIMAC_HUANCARAMA_-13.6452_-73.0856_2010.8822,201505223_APURIMAC_CHINCHEROS_-13.509873_-73.743429_2015.5233,86,18,16,0,0,-14.1723,0,1.623227e-07,587,10266-10272 & 10890-10907
201103118_APURIMAC_CHINCHEROS_-13.51619277_-73.72241881_2011.3973,201505298_CUSCO_LIMATAMBO_-13.466221_-72.407725_2015.5315,201505260_AYACUCHO_QUEROBAMBA_-13.94136_-73.7885_2015.5288,88,20,17,0,0,-14.2355,0,1.403323e-07,300,9960-10270 & 10570-10616;9960-10270 & 10890-10923
201408819_CUSCO_LIMATAMBO_-13.4366_-72.4435_2014.9616,201302845_APURIMAC_CHINCHEROS_-13.5378_-73.7438_2013.2438,201505298_CUSCO_LIMATAMBO_-13.466221_-72.407725_2015.5315,85,15,15,0,0,-15.4692,0,8.193806e-09,258,1212-1501 & 1762-2138
201002581_APURIMAC_ANDARAPA_-13.5522_-73.3423_2010.389,201302845_APURIMAC_CHINCHEROS_-13.5378_-73.7438_2013.2438,201505417_APURIMAC_PACUCHA_-13.62552_-73.250331_2015.5397,101,19,17,0,0,-15.9196,0,2.904862e-09,214,11022-11290 & 11505-11643
201002581_APURIMAC_ANDARAPA_-13.5522_-73.3423_2010.389,201302845_APURIMAC_CHINCHEROS_-13.5378_-73.7438_2013.2438,201505776_APURIMAC_HUANIPACA_-13.508038_-72.874621_2015.5808,100,19,17,0,0,-15.8564,0,3.359385e-09,214,11022-11290 & 11505-11643
201103231_APURIMAC_CHINCHEROS_-13.5628_-73.7241_2011.0986,201503949_APURIMAC_PACUCHA_-13.630768_-73.274009_2015.4274,201505915_APURIMAC_CHINCHEROS_-13.565927_-73.717444_2015.5973,122,17,13,1e-12,0,-12.2017,2e-05,1.51686e-05,486,9921-9983 & 10480-11072
201408819_CUSCO_LIMATAMBO_-13.4366_-72.4435_2014.9616,201302845_APURIMAC_CHINCHEROS_-13.5378_-73.7438_2013.2438,201506079_CUSCO_LIMATAMBO_-13.465753_-72.432467_2015.6164,91,18,15,0,0,-12.9629,0,2.628718e-06,258,1212-1501 & 1762-2138
201002581_APURIMAC_ANDARAPA_-13.5522_-73.3423_2010.389,201302845_APURIMAC_CHINCHEROS_-13.5378_-73.7438_2013.2438,201506276_APURIMAC_KAQUIABAMBA_-13.507839_-73.262462_2015.6329,101,19,17,0,0,-15.9196,0,2.904862e-09,214,11022-11290 & 11505-11643
201302285_AYACUCHO_SAN-MIGUEL_-13.0928_-73.9_2013.1452,201504536_APURIMAC_HUACCANA_-13.332169_-73.677393_2015.463,201506373_AYACUCHO_CHILCAS_-13.167236_-73.861799_2015.6438,112,14,11,2.5e-11,0,-10.5959,0.00061,0.0006119012,147,7071-7077 & 7224-7241
201408819_CUSCO_LIMATAMBO_-13.4366_-72.4435_2014.9616,201302845_APURIMAC_CHINCHEROS_-13.5378_-73.7438_2013.2438,201506889_CUSCO_LIMATAMBO_-13.530743_-72.476043_2015.6932,108,15,15,0,0,-16.8084,0,3.752052e-10,258,1212-1501 & 1762-1870
201103118_APURIMAC_CHINCHEROS_-13.51619277_-73.72241881_2011.3973,201600772_CUSCO_CHINCHAYPUJIO_-13.599835_-72.338584_2016.0683,201507245_APURIMAC_CHINCHEROS_-13.529307_-73.73531_2015.7315,78,18,16,0,0,-13.5997,0,6.067441e-07,368,10266-10272 & 10890-10907
201303164_APURIMAC_CHINCHEROS_-13.5628_-73.7241_2013.9233,201302845_APURIMAC_CHINCHEROS_-13.5378_-73.7438_2013.2438,201508184_APURIMAC_KAQUIABAMBA_-13.534997_-73.270742_2015.789,61,41,30,0,0,-12.8488,0,3.419091e-06,1968,1212-1296 & 3732-3815
201002581_APURIMAC_ANDARAPA_-13.5522_-73.3423_2010.389,201302845_APURIMAC_CHINCHEROS_-13.5378_-73.7438_2013.2438,201508297_APURIMAC_HUANIPACA_-13.459268_-73.044269_2015.8027,102,18,15,0,0,-13.5987,0,6.080631e-07,214,11022-11290 & 11505-11643
201103118_APURIMAC_CHINCHEROS_-13.51619277_-73.72241881_2011.3973,201006402_APURIMAC_HUANCARAMA_-13.6452_-73.0856_2010.8822,201508304_AYACUCHO_MORCOLLA_-14.074828_-73.864548_2015.8027,77,19,16,0,0,-12.7332,0,4.461332e-06,391,10266-10272 & 10890-10907
201103118_APURIMAC_CHINCHEROS_-13.51619277_-73.72241881_2011.3973,201006402_APURIMAC_HUANCARAMA_-13.6452_-73.0856_2010.8822,201508305_AYACUCHO_HUAYA_-13.886983_-73.929675_2015.8027,86,18,16,0,0,-14.1723,0,1.623227e-07,588,10266-10272 & 10890-10907
201103118_APURIMAC_CHINCHEROS_-13.51619277_-73.72241881_2011.3973,201006402_APURIMAC_HUANCARAMA_-13.6452_-73.0856_2010.8822,201508309_AYACUCHO_MORCOLLA_-14.075559_-73.862734_2015.8027,75,18,16,0,0,-13.3712,0,1.026716e-06,369,10266-10272 & 10890-10907
201103118_APURIMAC_CHINCHEROS_-13.51619277_-73.72241881_2011.3973,201006402_APURIMAC_HUANCARAMA_-13.6452_-73.0856_2010.8822,201508393_APURIMAC_URANMARCA_-13.674165_-73.670478_2015.8082,86,18,16,0,0,-14.1723,0,1.623227e-07,588,10266-10272 & 10890-10907
201002581_APURIMAC_ANDARAPA_-13.5522_-73.3423_2010.389,201302845_APURIMAC_CHINCHEROS_-13.5378_-73.7438_2013.2438,201508417_APURIMAC_PACOBAMBA_-13.58622_-73.11896_2015.8082,101,19,17,0,0,-15.9196,0,2.904862e-09,214,11022-11290 & 11505-11643
201002581_APURIMAC_ANDARAPA_-13.5522_-73.3423_2010.389,201302845_APURIMAC_CHINCHEROS_-13.5378_-73.7438_2013.2438,201509007_CUSCO_LIMATAMBO_-13.463908_-72.433499_2015.8356,91,19,16,0,0,-13.7135,0,4.669051e-07,211,11022-11290 & 11505-11643
201103118_APURIMAC_CHINCHEROS_-13.51619277_-73.72241881_2011.3973,201006402_APURIMAC_HUANCARAMA_-13.6452_-73.0856_2010.8822,201510309_AYACUCHO_CANARIA_-13.950539_-73.924868_2015.9014,87,17,14,1e-12,0,-11.961,3e-05,2.64061e-05,590,10266-10272 & 10890-10907
201408819_CUSCO_LIMATAMBO_-13.4366_-72.4435_2014.9616,201302845_APURIMAC_CHINCHEROS_-13.5378_-73.7438_2013.2438,201510428_CUSCO_MOLLEPATA_-13.486134_-72.507101_2015.9123,108,15,15,0,0,-16.8084,0,3.752052e-10,258,1212-1501 & 1762-1870
201408819_CUSCO_LIMATAMBO_-13.4366_-72.4435_2014.9616,201302845_APURIMAC_CHINCHEROS_-13.5378_-73.7438_2013.2438,201510429_CUSCO_MOLLEPATA_-13.524441_-72.533276_2015.9123,107,15,15,0,0,-16.7559,0,4.233966e-10,258,1212-1501 & 1762-1870
201002581_APURIMAC_ANDARAPA_-13.5522_-73.3423_2010.389,201302845_APURIMAC_CHINCHEROS_-13.5378_-73.7438_2013.2438,201600003_APURIMAC_PACUCHA_-13.566987_-73.294771_2016.0082,101,19,17,0,0,-15.9196,0,2.904862e-09,214,11022-11290 & 11505-11643
200806324_APURIMAC_PACUCHA_-13.6075_-73.3_2008.847,201302845_APURIMAC_CHINCHEROS_-13.5378_-73.7438_2013.2438,201600004_APURIMAC_HUANCARAMA_-13.668739_-73.073822_2016.0082,99,24,17,0,0,-12.5283,1e-05,7.150802e-06,325,1212-1501 & 1829-1904;1212-1501 & 1909-2138
201002581_APURIMAC_ANDARAPA_-13.5522_-73.3423_2010.389,201302845_APURIMAC_CHINCHEROS_-13.5378_-73.7438_2013.2438,201600356_APURIMAC_PACOBAMBA_-13.573094_-73.074401_2016.0301,101,19,17,0,0,-15.9196,0,2.904862e-09,214,11022-11290 & 11505-11643
201002581_APURIMAC_ANDARAPA_-13.5522_-73.3423_2010.389,201302845_APURIMAC_CHINCHEROS_-13.5378_-73.7438_2013.2438,201600363_APURIMAC_RANRACANCHA_-13.581059_-73.581059_2016.0273,102,18,15,0,0,-13.5987,0,6.080631e-07,214,11022-11290 & 11505-11643
201103118_APURIMAC_CHINCHEROS_-13.51619277_-73.72241881_2011.3973,201406807_APURIMAC_LAMBRAMA_-13.8427_-72.7355_2014.3562,201600364_APURIMAC_PACOBAMBA_-13.585061_-73.119739_2016.0273,104,20,16,0,0,-13.8168,0,3.680204e-07,589,10119-10272 & 10890-10907
201002581_APURIMAC_ANDARAPA_-13.5522_-73.3423_2010.389,201302845_APURIMAC_CHINCHEROS_-13.5378_-73.7438_2013.2438,201600366_APURIMAC_PACOBAMBA_-13.582587_-73.079144_2016.0273,102,18,15,0,0,-13.5987,0,6.080631e-07,214,11022-11290 & 11505-11643
201002581_APURIMAC_ANDARAPA_-13.5522_-73.3423_2010.389,201302845_APURIMAC_CHINCHEROS_-13.5378_-73.7438_2013.2438,201600571_APURIMAC_PACOBAMBA_-13.570171_-73.098223_2016.0383,102,18,15,0,0,-13.5987,0,6.080631e-07,214,11022-11290 & 11505-11643
200806324_APURIMAC_PACUCHA_-13.6075_-73.3_2008.847,201302845_APURIMAC_CHINCHEROS_-13.5378_-73.7438_2013.2438,201600572_APURIMAC_PACOBAMBA_-13.613882_-73.094338_2016.0383,103,24,17,0,0,-12.7782,0,4.022512e-06,325,1212-1501 & 1829-1904;1212-1501 & 1909-2138
201002581_APURIMAC_ANDARAPA_-13.5522_-73.3423_2010.389,201302845_APURIMAC_CHINCHEROS_-13.5378_-73.7438_2013.2438,201600573_APURIMAC_PACOBAMBA_-13.615516_-73.083743_2016.0383,102,18,15,0,0,-13.5987,0,6.080631e-07,214,11022-11290 & 11505-11643
201002581_APURIMAC_ANDARAPA_-13.5522_-73.3423_2010.389,201302845_APURIMAC_CHINCHEROS_-13.5378_-73.7438_2013.2438,201600574_APURIMAC_HUANCARAMA_-13.642819_-73.079628_2016.0383,102,18,15,0,0,-13.5987,0,6.080631e-07,214,11022-11290 & 11505-11643
201002581_APURIMAC_ANDARAPA_-13.5522_-73.3423_2010.389,201302845_APURIMAC_CHINCHEROS_-13.5378_-73.7438_2013.2438,201600575_APURIMAC_PACOBAMBA_-13.614804_-73.086757_2016.0383,102,18,15,0,0,-13.5987,0,6.080631e-07,214,11022-11290 & 11505-11643
201303164_APURIMAC_CHINCHEROS_-13.5628_-73.7241_2013.9233,201302845_APURIMAC_CHINCHEROS_-13.5378_-73.7438_2013.2438,201600578_APURIMAC_OCOBAMBA_-13.510173_-73.535362_2016.0383,70,45,30,1e-12,0,-12.2506,1e-05,1.355548e-05,2037,1212-1296 & 3732-3815
201103118_APURIMAC_CHINCHEROS_-13.51619277_-73.72241881_2011.3973,201006402_APURIMAC_HUANCARAMA_-13.6452_-73.0856_2010.8822,201600600_AYACUCHO_PAICO_-13.972384_-73.652082_2016.0464,85,19,17,0,0,-14.8332,0,3.54403e-08,592,9990-10270 & 10890-10907
201002581_APURIMAC_ANDARAPA_-13.5522_-73.3423_2010.389,201302845_APURIMAC_CHINCHEROS_-13.5378_-73.7438_2013.2438,201600763_APURIMAC_HUANCARAMA_-13.649339_-73.073861_2016.0574,97,18,15,0,0,-13.318,0,1.160712e-06,214,11022-11290 & 11505-11643
201408819_CUSCO_LIMATAMBO_-13.4366_-72.4435_2014.9616,201302845_APURIMAC_CHINCHEROS_-13.5378_-73.7438_2013.2438,201600772_CUSCO_CHINCHAYPUJIO_-13.599835_-72.338584_2016.0683,95,14,14,0,0,-15.2227,0,1.445249e-08,258,1212-1501 & 1762-1870
201002581_APURIMAC_ANDARAPA_-13.5522_-73.3423_2010.389,201302845_APURIMAC_CHINCHEROS_-13.5378_-73.7438_2013.2438,201600823_APURIMAC_PACOBAMBA_-13.612672_-73.099838_2016.0738,97,18,15,0,0,-13.318,0,1.160712e-06,214,11022-11290 & 11505-11643
0717@1997_APURIMAC_ONGOY_-13.37614_-73.6574_1997.0219,201305569_APURIMAC_ANDARAPA_-13.5491_-73.3636_2013.3479,2183@2004_APURIMAC_ONGOY_-13.37614_-73.6574_2004.7978,56,11,11,4.4e-11,0,-10.353,0.00107,0.001070055,218,6523-7054 & 7273-7529
201303164_APURIMAC_CHINCHEROS_-13.5628_-73.7241_2013.9233,201302845_APURIMAC_CHINCHEROS_-13.5378_-73.7438_2013.2438,2466@2004_APURIMAC_PACOBAMBA_-13.62309_-73.11187_2004.9918,72,43,28,2e-12,0,-11.8235,4e-05,3.62434e-05,1598,1212-1296 & 3091-3234
201303164_APURIMAC_CHINCHEROS_-13.5628_-73.7241_2013.9233,201302845_APURIMAC_CHINCHEROS_-13.5378_-73.7438_2013.2438,337@2001_APURIMAC_KISHUARA_-13.63139_-73.19298_2001.2411,72,43,28,2e-12,0,-11.8235,4e-05,3.62434e-05,1598,1212-1296 & 3091-3234
201303164_APURIMAC_CHINCHEROS_-13.5628_-73.7241_2013.9233,201302845_APURIMAC_CHINCHEROS_-13.5378_-73.7438_2013.2438,375@2001_APURIMAC_PACOBAMBA_-13.62309_-73.11187_2001.3726,72,43,28,2e-12,0,-11.8235,4e-05,3.62434e-05,1597,1212-1296 & 3091-3234
201303164_APURIMAC_CHINCHEROS_-13.5628_-73.7241_2013.9233,201302845_APURIMAC_CHINCHEROS_-13.5378_-73.7438_2013.2438,437@2001_APURIMAC_PACOBAMBA_-13.62309_-73.11187_2001.2932,72,43,28,2e-12,0,-11.8235,4e-05,3.62434e-05,1598,1212-1296 & 3091-3234
201103118_APURIMAC_CHINCHEROS_-13.51619277_-73.72241881_2011.3973,201303164_APURIMAC_CHINCHEROS_-13.5628_-73.7241_2013.9233,835@2001_AYACUCHO_ANCO_-13.00297_-73.53663_2001.4329,36,19,18,7e-12,0,-11.1591,0.00017,0.0001673095,555,9876-10270 & 10904-10966
200806324_APURIMAC_PACUCHA_-13.6075_-73.3_2008.847,201002581_APURIMAC_ANDARAPA_-13.5522_-73.3423_2010.389,839@1998_APURIMAC_PACOBAMBA_-13.62309_-73.11187_1998.7233,21,25,25,3e-12,0,-11.4992,8e-05,7.64741e-05,3070,549-847 & 9304-9360
200806324_APURIMAC_PACUCHA_-13.6075_-73.3_2008.847,201002581_APURIMAC_ANDARAPA_-13.5522_-73.3423_2010.389,859@1998_APURIMAC_ONGOY_-13.37614_-73.6574_1998.7425,21,25,25,3e-12,0,-11.4992,8e-05,7.64741e-05,3064,549-847 & 9304-9360
200806324_APURIMAC_PACUCHA_-13.6075_-73.3_2008.847,201002581_APURIMAC_ANDARAPA_-13.5522_-73.3423_2010.389,960@2000_APURIMAC_URANMARCA_-13.69797_-73.6419_2000.1093,21,25,25,3e-12,0,-11.4992,8e-05,7.64741e-05,3070,549-847 & 9304-9360
201303164_APURIMAC_CHINCHEROS_-13.5628_-73.7241_2013.9233,201302845_APURIMAC_CHINCHEROS_-13.5378_-73.7438_2013.2438,963@2003_AYACUCHO_OCROS_-13.42687_-73.84031_2003.8795,75,39,24,2.2e-11,0,-10.6663,0.00052,0.0005203221,1396,1212-1296 & 2888-2948
