No.	Size	Cred	Members
1	4	0.07646	{227, 241, 245, 248}
2	2	0.494605	{38, 42}
3	4	0.0	{186, 212, 217, 256}
4	2	0.339825	{232, 242}
5	2	0.177005	{89, 115}
6	3	0.110585	{89, 113, 115}
7	2	0.0	{34, 200}
8	2	0.262	{89, 113}
9	2	0.916955	{105, 146}
10	4	0.09455	{63, 94, 105, 146}
11	2	0.118455	{169, 182}
12	2	0.85385	{137, 150}
13	3	0.27781	{164, 169, 182}
14	5	1.0	{164, 169, 182, 193, 194}
15	3	0.931305	{231, 232, 242}
16	3	0.403815	{169, 193, 194}
17	2	0.27986	{231, 232}
18	2	0.124425	{164, 169}
19	6	0.319895	{211, 231, 232, 242, 246, 261}
20	6	0.19872	{135, 164, 169, 182, 193, 194}
21	4	0.77159	{231, 232, 242, 246}
22	5	0.844015	{211, 231, 232, 242, 246}
23	7	0.249645	{117, 118, 127, 128, 129, 144, 147}
24	5	1.0	{33, 35, 55, 69, 82}
25	2	0.9606	{228, 229}
26	2	0.337345	{55, 69}
27	4	0.225825	{35, 55, 69, 82}
28	4	0.309005	{33, 55, 69, 82}
29	3	1.0	{55, 69, 82}
30	3	0.13722	{178, 228, 229}
31	2	0.590525	{164, 182}
32	2	0.3369	{132, 134}
33	4	0.161915	{164, 182, 193, 194}
34	9	1.0	{22, 25, 33, 35, 36, 41, 55, 69, 82}
35	2	0.193865	{70, 80}
36	2	0.3563	{55, 82}
37	2	1.0	{241, 245}
38	3	1.0	{227, 241, 245}
39	5	0.068375	{216, 227, 241, 245, 248}
40	4	0.169295	{206, 227, 241, 245}
41	6	1.0	{117, 127, 128, 129, 144, 147}
42	2	0.63538	{22, 36}
43	5	0.183055	{117, 127, 128, 144, 147}
44	2	0.62945	{117, 129}
45	2	0.20968	{212, 256}
46	2	0.306355	{69, 82}
47	2	0.44208	{259, 260}
48	2	0.9982	{165, 176}
49	2	0.944745	{133, 160}
50	2	0.0	{37, 85}
51	2	0.229905	{145, 149}
52	2	0.987755	{1, 4}
53	2	0.17464	{207, 210}
54	5	0.18744	{127, 128, 129, 144, 147}
55	3	0.851095	{207, 208, 210}
56	2	0.490035	{208, 210}
57	2	0.122305	{113, 115}
58	3	0.985545	{127, 128, 147}
59	2	0.150365	{128, 147}
60	2	0.6708	{127, 147}
61	2	0.881255	{193, 194}
62	4	0.999895	{127, 128, 144, 147}
63	2	0.10408	{98, 99}
64	4	1.0	{207, 208, 209, 210}
65	2	0.999955	{225, 258}
66	3	0.990365	{223, 224, 240}
67	2	0.29843	{16, 17}
68	2	0.172215	{127, 128}
69	2	0.99577	{64, 79}
70	2	0.122245	{95, 96}
71	2	0.21721	{224, 240}
72	2	0.1105	{63, 94}
73	2	0.771945	{216, 248}
74	2	0.76627	{223, 224}
75	2	0.11504	{96, 97}
76	2	0.26157	{207, 208}
77	288	0.16927	{0, 2, 3, 5, 6, 7, 8, 9, 10, 11, 12, 13, 14, 15, 16, 17, 18, 19, 20, 21, 22, 23, 24, 25, 26, 27, 28, 29, 30, 31, 32, 33, 34, 35, 36, 37, 38, 39, 40, 41, 42, 43, 44, 45, 46, 47, 48, 49, 50, 51, 52, 53, 54, 55, 56, 57, 58, 59, 60, 61, 62, 63, 64, 65, 66, 67, 68, 69, 70, 71, 72, 73, 74, 75, 76, 77, 78, 79, 80, 81, 82, 83, 84, 85, 86, 87, 88, 89, 90, 91, 92, 93, 94, 95, 96, 97, 98, 99, 100, 101, 102, 103, 104, 105, 106, 107, 108, 109, 110, 111, 112, 113, 114, 115, 116, 117, 118, 119, 120, 121, 122, 123, 124, 125, 126, 127, 128, 129, 130, 131, 132, 133, 134, 135, 136, 137, 138, 139, 140, 141, 142, 143, 144, 145, 146, 147, 148, 149, 150, 151, 152, 153, 154, 155, 156, 157, 158, 159, 160, 161, 162, 163, 164, 165, 166, 167, 168, 169, 170, 171, 172, 173, 174, 175, 176, 177, 178, 179, 180, 181, 182, 183, 184, 185, 186, 187, 188, 189, 190, 191, 192, 193, 194, 195, 196, 197, 198, 199, 200, 201, 202, 203, 204, 205, 206, 207, 208, 209, 210, 211, 212, 213, 214, 215, 216, 217, 218, 219, 220, 221, 222, 223, 224, 225, 226, 227, 228, 229, 230, 231, 232, 233, 234, 235, 236, 237, 238, 239, 240, 241, 242, 243, 244, 245, 246, 247, 248, 249, 250, 251, 252, 253, 254, 255, 256, 257, 258, 259, 260, 261, 262, 263, 264, 265, 266, 267, 268, 269, 270, 271, 272, 273, 274, 275, 276, 277, 278, 279, 280, 281, 282, 283, 284, 285, 286, 287, 288, 289}
78	2	0.11021	{95, 97}
79	2	0.46517	{33, 35}
80	2	0.098365	{0, 19}
81	2	0.34695	{2, 3}
82	289	0.07773	{0, 1, 2, 3, 4, 6, 7, 8, 9, 10, 11, 12, 13, 14, 15, 16, 17, 18, 19, 20, 21, 22, 23, 24, 25, 26, 27, 28, 29, 30, 31, 32, 33, 34, 35, 36, 37, 38, 39, 40, 41, 42, 43, 44, 45, 46, 47, 48, 49, 50, 51, 52, 53, 54, 55, 56, 57, 58, 59, 60, 61, 62, 63, 64, 65, 66, 67, 68, 69, 70, 71, 72, 73, 74, 75, 76, 77, 78, 79, 80, 81, 82, 83, 84, 85, 86, 87, 88, 89, 90, 91, 92, 93, 94, 95, 96, 97, 98, 99, 100, 101, 102, 103, 104, 105, 106, 107, 108, 109, 110, 111, 112, 113, 114, 115, 116, 117, 118, 119, 120, 121, 122, 123, 124, 125, 126, 127, 128, 129, 130, 131, 132, 133, 134, 135, 136, 137, 138, 139, 140, 141, 142, 143, 144, 145, 146, 147, 148, 149, 150, 151, 152, 153, 154, 155, 156, 157, 158, 159, 160, 161, 162, 163, 164, 165, 166, 167, 168, 169, 170, 171, 172, 173, 174, 175, 176, 177, 178, 179, 180, 181, 182, 183, 184, 185, 186, 187, 188, 189, 190, 191, 192, 193, 194, 195, 196, 197, 198, 199, 200, 201, 202, 203, 204, 205, 206, 207, 208, 209, 210, 211, 212, 213, 214, 215, 216, 217, 218, 219, 220, 221, 222, 223, 224, 225, 226, 227, 228, 229, 230, 231, 232, 233, 234, 235, 236, 237, 238, 239, 240, 241, 242, 243, 244, 245, 246, 247, 248, 249, 250, 251, 252, 253, 254, 255, 256, 257, 258, 259, 260, 261, 262, 263, 264, 265, 266, 267, 268, 269, 270, 271, 272, 273, 274, 275, 276, 277, 278, 279, 280, 281, 282, 283, 284, 285, 286, 287, 288, 289}
83	2	0.992865	{257, 275}
84	2	1.0	{48, 84}
85	2	0.999305	{162, 163}
86	9	0.10095	{206, 214, 216, 227, 241, 245, 248, 259, 260}
87	5	0.644385	{183, 207, 208, 209, 210}
88	4	0.375105	{214, 227, 241, 245}
89	5	0.91225	{206, 214, 227, 241, 245}
90	7	0.65721	{206, 214, 216, 227, 241, 245, 248}
91	6	0.1262	{264, 266, 267, 270, 271, 276}
92	2	0.068835	{103, 196}
93	2	0.00439	{71, 85}
94	2	0.402185	{0, 278}
95	3	0.0	{37, 85, 198}
96	3	0.108085	{8, 16, 17}
97	2	0.44534	{206, 214}
98	2	0.112805	{8, 16}
99	2	0.0	{37, 198}
100	4	0.68276	{132, 134, 215, 243}
101	5	0.997285	{130, 132, 134, 215, 243}
102	6	0.10607	{111, 130, 132, 134, 215, 243}
103	6	0.999355	{33, 35, 41, 55, 69, 82}
104	4	0.17698	{257, 260, 263, 275}
105	3	0.412325	{134, 215, 243}
106	4	0.21724	{257, 259, 263, 275}
107	12	1.0	{206, 214, 216, 227, 241, 245, 248, 257, 259, 260, 263, 275}
108	2	0.983965	{88, 102}
109	3	1.0	{257, 263, 275}
110	3	1.0	{22, 25, 36}
111	2	0.36462	{22, 25}
112	2	0.36201	{231, 242}
113	3	0.21106	{132, 215, 243}
114	3	1.0	{74, 154, 185}
115	2	0.992875	{215, 243}
116	28	1.0	{21, 47, 67, 74, 114, 154, 161, 165, 166, 167, 168, 170, 176, 177, 185, 187, 188, 189, 190, 191, 192, 199, 218, 226, 233, 235, 236, 247}
117	27	0.66828	{47, 67, 74, 114, 154, 161, 165, 166, 167, 168, 170, 176, 177, 185, 187, 188, 189, 190, 191, 192, 199, 218, 226, 233, 235, 236, 247}
118	4	0.120715	{131, 133, 136, 160}
119	3	0.10448	{133, 136, 160}
120	2	0.32803	{131, 136}
121	2	0.57619	{179, 184}
122	7	0.159745	{216, 248, 257, 259, 260, 263, 275}
123	5	0.470385	{257, 259, 260, 263, 275}
124	8	1.0	{117, 118, 127, 128, 129, 138, 144, 147}
125	2	0.53142	{118, 138}
126	7	0.218935	{117, 127, 128, 129, 138, 144, 147}
127	3	0.258665	{186, 212, 256}
128	2	0.772705	{186, 256}
129	35	0.467035	{9, 21, 38, 39, 42, 45, 47, 67, 74, 114, 154, 161, 165, 166, 167, 168, 170, 176, 177, 185, 187, 188, 189, 190, 191, 192, 199, 218, 226, 233, 235, 236, 247, 277, 283}
130	6	0.11261	{264, 267, 269, 270, 274, 276}
131	2	0.115815	{10, 281}
132	3	1.0	{181, 213, 249}
133	14	1.0	{22, 23, 25, 33, 35, 36, 41, 55, 69, 70, 80, 82, 123, 155}
134	4	1.0	{70, 80, 123, 155}
135	2	0.999945	{213, 249}
136	3	0.29334	{70, 123, 155}
137	3	0.32489	{7, 11, 18}
138	2	0.0	{212, 217}
139	3	0.0	{212, 217, 256}
140	2	0.105935	{99, 122}
141	3	0.406325	{80, 123, 155}
142	2	0.162315	{106, 112}
143	5	0.999295	{23, 70, 80, 123, 155}
144	2	0.779565	{123, 155}
145	2	1.0	{11, 18}
146	2	0.0	{217, 256}
147	2	0.3018	{98, 122}
148	2	0.236115	{43, 53}
149	2	0.126545	{152, 153}
150	3	0.159525	{166, 233, 247}
151	2	1.0	{233, 247}
152	2	0.865625	{154, 185}
153	2	0.11351	{0, 281}
154	2	1.0	{265, 273}
155	5	1.0	{223, 224, 240, 265, 273}
156	3	0.26579	{167, 233, 247}
157	17	0.216445	{93, 151, 195, 223, 224, 225, 237, 238, 239, 240, 252, 253, 254, 255, 258, 265, 273}
158	2	0.112245	{278, 281}
159	3	0.13319	{0, 278, 281}
160	2	0.123875	{10, 12}
161	3	0.0	{34, 44, 200}
162	59	0.14749	{40, 48, 49, 76, 84, 106, 107, 111, 112, 119, 125, 130, 131, 132, 133, 134, 136, 137, 150, 160, 179, 180, 184, 197, 203, 206, 211, 214, 215, 216, 221, 222, 227, 231, 232, 241, 242, 243, 245, 246, 248, 250, 251, 257, 259, 260, 261, 262, 263, 264, 266, 267, 268, 269, 270, 271, 274, 275, 276}
163	9	0.34262	{0, 10, 12, 13, 19, 278, 280, 281, 282}
164	5	0.0	{28, 37, 71, 85, 198}
165	5	0.0	{24, 28, 37, 85, 198}
166	2	0.997155	{75, 83}
167	2	0.26683	{107, 112}
168	2	0.15339	{171, 201}
169	3	0.15047	{188, 189, 191}
170	4	0.121085	{188, 189, 191, 192}
171	2	1.0	{202, 272}
172	2	0.100585	{12, 19}
173	35	1.0	{40, 48, 76, 84, 106, 107, 111, 112, 130, 131, 132, 133, 134, 136, 137, 150, 160, 179, 184, 203, 206, 214, 215, 216, 222, 227, 241, 243, 245, 248, 257, 259, 260, 263, 275}
174	4	0.0	{28, 37, 85, 198}
175	5	0.978745	{8, 14, 16, 17, 284}
176	2	0.00152	{28, 198}
177	32	0.99833	{76, 106, 107, 111, 112, 130, 131, 132, 133, 134, 136, 137, 150, 160, 179, 184, 203, 206, 214, 215, 216, 222, 227, 241, 243, 245, 248, 257, 259, 260, 263, 275}
178	34	0.99163	{48, 76, 84, 106, 107, 111, 112, 130, 131, 132, 133, 134, 136, 137, 150, 160, 179, 184, 203, 206, 214, 215, 216, 222, 227, 241, 243, 245, 248, 257, 259, 260, 263, 275}
179	6	0.996725	{8, 14, 16, 17, 279, 284}
180	6	0.276065	{139, 164, 169, 182, 193, 194}
181	6	0.276005	{0, 10, 12, 19, 278, 281}
182	7	0.250745	{135, 139, 164, 169, 182, 193, 194}
183	3	0.16616	{106, 107, 112}
184	2	0.20316	{106, 107}
185	2	0.21233	{187, 192}
186	2	0.222225	{135, 139}
187	14	0.01439	{51, 103, 108, 110, 116, 171, 173, 174, 175, 181, 196, 201, 213, 249}
188	2	0.119555	{12, 281}
189	4	1.0	{38, 39, 42, 45}
190	3	0.2752	{39, 42, 45}
191	8	0.999785	{0, 10, 12, 13, 19, 278, 280, 281}
192	5	0.998535	{38, 39, 42, 45, 277}
193	2	0.98541	{26, 29}
194	34	0.9367	{9, 21, 38, 39, 42, 45, 47, 67, 74, 114, 154, 161, 165, 166, 167, 168, 170, 176, 177, 185, 187, 188, 189, 190, 191, 192, 199, 218, 226, 233, 235, 236, 247, 277}
195	6	1.0	{9, 38, 39, 42, 45, 277}
196	3	0.230195	{38, 39, 45}
197	2	1.0	{39, 45}
198	3	0.16565	{269, 271, 274}
199	2	0.105375	{156, 234}
200	3	0.305035	{26, 29, 58}
201	2	0.137045	{157, 158}
202	2	0.99999	{203, 222}
203	2	0.15569	{50, 61}
204	2	0.09814	{108, 116}
205	18	0.104475	{133, 160, 179, 184, 203, 206, 214, 216, 222, 227, 241, 245, 248, 257, 259, 260, 263, 275}
206	19	0.10956	{131, 133, 160, 179, 184, 203, 206, 214, 216, 222, 227, 241, 245, 248, 257, 259, 260, 263, 275}
207	16	1.0	{179, 184, 203, 206, 214, 216, 222, 227, 241, 245, 248, 257, 259, 260, 263, 275}
208	17	0.32146	{131, 179, 184, 203, 206, 214, 216, 222, 227, 241, 245, 248, 257, 259, 260, 263, 275}
209	15	0.211295	{184, 203, 206, 214, 216, 222, 227, 241, 245, 248, 257, 259, 260, 263, 275}
210	21	0.164205	{112, 131, 133, 136, 160, 179, 184, 203, 206, 214, 216, 222, 227, 241, 245, 248, 257, 259, 260, 263, 275}
211	20	0.997525	{131, 133, 136, 160, 179, 184, 203, 206, 214, 216, 222, 227, 241, 245, 248, 257, 259, 260, 263, 275}
212	15	0.212515	{179, 203, 206, 214, 216, 222, 227, 241, 245, 248, 257, 259, 260, 263, 275}
213	17	0.221585	{136, 179, 184, 203, 206, 214, 216, 222, 227, 241, 245, 248, 257, 259, 260, 263, 275}
214	14	1.0	{203, 206, 214, 216, 222, 227, 241, 245, 248, 257, 259, 260, 263, 275}
215	18	0.467995	{131, 136, 179, 184, 203, 206, 214, 216, 222, 227, 241, 245, 248, 257, 259, 260, 263, 275}
216	83	0.0	{43, 46, 49, 50, 53, 54, 56, 57, 60, 61, 62, 63, 65, 66, 73, 75, 83, 86, 87, 88, 89, 90, 91, 92, 94, 95, 96, 97, 98, 99, 100, 101, 102, 104, 105, 113, 115, 119, 121, 122, 125, 135, 139, 140, 141, 142, 143, 146, 148, 152, 153, 156, 157, 158, 159, 162, 163, 164, 169, 180, 182, 183, 186, 193, 194, 204, 205, 207, 208, 209, 210, 211, 212, 217, 221, 231, 232, 234, 242, 246, 250, 256, 261}
217	179	0.0	{0, 10, 12, 13, 19, 24, 26, 28, 29, 30, 31, 32, 34, 37, 40, 43, 44, 46, 48, 49, 50, 53, 54, 56, 57, 58, 60, 61, 62, 63, 64, 65, 66, 68, 71, 72, 73, 75, 76, 78, 79, 81, 83, 84, 85, 86, 87, 88, 89, 90, 91, 92, 94, 95, 96, 97, 98, 99, 100, 101, 102, 104, 105, 106, 107, 111, 112, 113, 115, 117, 118, 119, 120, 121, 122, 125, 126, 127, 128, 129, 130, 131, 132, 133, 134, 135, 136, 137, 138, 139, 140, 141, 142, 143, 144, 145, 146, 147, 148, 149, 150, 152, 153, 156, 157, 158, 159, 160, 162, 163, 164, 169, 179, 180, 182, 183, 184, 186, 193, 194, 197, 198, 200, 202, 203, 204, 205, 206, 207, 208, 209, 210, 211, 212, 214, 215, 216, 217, 219, 220, 221, 222, 227, 230, 231, 232, 234, 241, 242, 243, 245, 246, 248, 250, 251, 256, 257, 259, 260, 261, 262, 263, 264, 266, 267, 268, 269, 270, 271, 272, 274, 275, 276, 278, 280, 281, 282, 286, 288}
218	3	0.163735	{264, 267, 276}
219	2	1.0	{264, 267}
220	7	0.57598	{165, 176, 187, 188, 189, 191, 192}
221	4	0.120985	{187, 188, 189, 191}
222	5	1.0	{187, 188, 189, 191, 192}
223	21	0.130825	{106, 131, 133, 136, 160, 179, 184, 203, 206, 214, 216, 222, 227, 241, 245, 248, 257, 259, 260, 263, 275}
224	18	0.99997	{93, 124, 151, 195, 223, 224, 225, 237, 238, 239, 240, 252, 253, 254, 255, 258, 265, 273}
225	4	0.355295	{266, 269, 271, 274}
226	118	0.0	{40, 43, 46, 48, 50, 53, 54, 56, 57, 60, 61, 62, 63, 65, 66, 73, 75, 76, 83, 84, 86, 87, 88, 89, 90, 91, 92, 94, 95, 96, 97, 98, 99, 100, 101, 102, 104, 105, 106, 107, 111, 112, 113, 115, 121, 122, 130, 131, 132, 133, 134, 135, 136, 137, 139, 140, 141, 142, 143, 146, 148, 150, 152, 153, 156, 157, 158, 159, 160, 162, 163, 164, 169, 179, 182, 183, 184, 186, 193, 194, 197, 203, 204, 205, 206, 207, 208, 209, 210, 212, 214, 215, 216, 217, 222, 227, 234, 241, 243, 245, 248, 251, 256, 257, 259, 260, 262, 263, 264, 266, 267, 268, 269, 270, 271, 274, 275, 276}
227	3	0.988405	{91, 92, 101}
228	5	0.101385	{99, 140, 142, 143, 204}
229	3	0.536775	{61, 75, 83}
230	289	0.0	{0, 1, 2, 3, 4, 5, 6, 7, 8, 9, 10, 11, 12, 13, 14, 15, 16, 17, 18, 19, 20, 21, 22, 23, 24, 25, 26, 27, 28, 29, 30, 31, 32, 33, 34, 35, 36, 37, 38, 39, 40, 41, 42, 43, 44, 45, 46, 47, 48, 49, 50, 51, 52, 53, 54, 55, 56, 57, 58, 59, 60, 61, 62, 63, 64, 65, 66, 67, 68, 69, 70, 71, 72, 73, 74, 75, 76, 77, 78, 79, 80, 81, 82, 83, 84, 85, 86, 87, 88, 89, 90, 91, 92, 93, 94, 95, 96, 97, 98, 99, 100, 101, 102, 103, 104, 105, 106, 107, 108, 109, 110, 111, 112, 113, 114, 115, 116, 117, 118, 119, 120, 121, 122, 123, 124, 125, 126, 127, 128, 129, 130, 131, 132, 133, 134, 135, 136, 137, 138, 139, 140, 141, 142, 143, 144, 145, 146, 147, 148, 149, 150, 151, 152, 153, 154, 155, 156, 157, 158, 159, 160, 161, 162, 163, 164, 165, 166, 167, 168, 169, 170, 171, 173, 174, 175, 176, 177, 178, 179, 180, 181, 182, 183, 184, 185, 186, 187, 188, 189, 190, 191, 192, 193, 194, 195, 196, 197, 198, 199, 200, 201, 202, 203, 204, 205, 206, 207, 208, 209, 210, 211, 212, 213, 214, 215, 216, 217, 218, 219, 220, 221, 222, 223, 224, 225, 226, 227, 228, 229, 230, 231, 232, 233, 234, 235, 236, 237, 238, 239, 240, 241, 242, 243, 244, 245, 246, 247, 248, 249, 250, 251, 252, 253, 254, 255, 256, 257, 258, 259, 260, 261, 262, 263, 264, 265, 266, 267, 268, 269, 270, 271, 272, 273, 274, 275, 276, 277, 278, 279, 280, 281, 282, 283, 284, 285, 286, 287, 288, 289}
231	4	0.10746	{50, 61, 75, 83}
232	4	0.989805	{140, 142, 143, 204}
233	2	0.99823	{91, 92}
234	2	0.13528	{188, 192}
235	5	0.118345	{98, 140, 142, 143, 204}
236	31	1.0	{106, 107, 111, 112, 130, 131, 132, 133, 134, 136, 137, 150, 160, 179, 184, 203, 206, 214, 215, 216, 222, 227, 241, 243, 245, 248, 257, 259, 260, 263, 275}
237	22	0.12827	{107, 112, 131, 133, 136, 160, 179, 184, 203, 206, 214, 216, 222, 227, 241, 245, 248, 257, 259, 260, 263, 275}
238	21	0.151855	{107, 131, 133, 136, 160, 179, 184, 203, 206, 214, 216, 222, 227, 241, 245, 248, 257, 259, 260, 263, 275}
239	38	0.03675	{51, 77, 93, 103, 108, 109, 110, 116, 124, 151, 171, 173, 174, 175, 178, 181, 195, 196, 201, 213, 223, 224, 225, 228, 229, 237, 238, 239, 240, 244, 249, 252, 253, 254, 255, 258, 265, 273}
240	62	1.0	{2, 3, 7, 11, 18, 20, 22, 23, 25, 27, 33, 35, 36, 41, 51, 52, 55, 59, 69, 70, 77, 80, 82, 93, 103, 108, 109, 110, 116, 123, 124, 151, 155, 171, 173, 174, 175, 178, 181, 195, 196, 201, 213, 223, 224, 225, 228, 229, 237, 238, 239, 240, 244, 249, 252, 253, 254, 255, 258, 265, 273, 289}
241	41	1.0	{27, 51, 52, 59, 77, 93, 103, 108, 109, 110, 116, 124, 151, 171, 173, 174, 175, 178, 181, 195, 196, 201, 213, 223, 224, 225, 228, 229, 237, 238, 239, 240, 244, 249, 252, 253, 254, 255, 258, 265, 273}
242	39	0.163255	{51, 52, 77, 93, 103, 108, 109, 110, 116, 124, 151, 171, 173, 174, 175, 178, 181, 195, 196, 201, 213, 223, 224, 225, 228, 229, 237, 238, 239, 240, 244, 249, 252, 253, 254, 255, 258, 265, 273}
243	61	0.321175	{3, 7, 11, 18, 20, 22, 23, 25, 27, 33, 35, 36, 41, 51, 52, 55, 59, 69, 70, 77, 80, 82, 93, 103, 108, 109, 110, 116, 123, 124, 151, 155, 171, 173, 174, 175, 178, 181, 195, 196, 201, 213, 223, 224, 225, 228, 229, 237, 238, 239, 240, 244, 249, 252, 253, 254, 255, 258, 265, 273, 289}
244	59	0.996315	{7, 11, 18, 20, 22, 23, 25, 27, 33, 35, 36, 41, 51, 52, 55, 59, 69, 70, 77, 80, 82, 93, 103, 108, 109, 110, 116, 123, 124, 151, 155, 171, 173, 174, 175, 178, 181, 195, 196, 201, 213, 223, 224, 225, 228, 229, 237, 238, 239, 240, 244, 249, 252, 253, 254, 255, 258, 265, 273}
245	61	0.331875	{2, 7, 11, 18, 20, 22, 23, 25, 27, 33, 35, 36, 41, 51, 52, 55, 59, 69, 70, 77, 80, 82, 93, 103, 108, 109, 110, 116, 123, 124, 151, 155, 171, 173, 174, 175, 178, 181, 195, 196, 201, 213, 223, 224, 225, 228, 229, 237, 238, 239, 240, 244, 249, 252, 253, 254, 255, 258, 265, 273, 289}
246	60	1.0	{7, 11, 18, 20, 22, 23, 25, 27, 33, 35, 36, 41, 51, 52, 55, 59, 69, 70, 77, 80, 82, 93, 103, 108, 109, 110, 116, 123, 124, 151, 155, 171, 173, 174, 175, 178, 181, 195, 196, 201, 213, 223, 224, 225, 228, 229, 237, 238, 239, 240, 244, 249, 252, 253, 254, 255, 258, 265, 273, 289}
247	58	0.374025	{11, 18, 20, 22, 23, 25, 27, 33, 35, 36, 41, 51, 52, 55, 59, 69, 70, 77, 80, 82, 93, 103, 108, 109, 110, 116, 123, 124, 151, 155, 171, 173, 174, 175, 178, 181, 195, 196, 201, 213, 223, 224, 225, 228, 229, 237, 238, 239, 240, 244, 249, 252, 253, 254, 255, 258, 265, 273}
248	29	0.99949	{106, 107, 111, 112, 130, 131, 132, 133, 134, 136, 160, 179, 184, 203, 206, 214, 215, 216, 222, 227, 241, 243, 245, 248, 257, 259, 260, 263, 275}
249	28	0.253185	{106, 107, 112, 130, 131, 132, 133, 134, 136, 160, 179, 184, 203, 206, 214, 215, 216, 222, 227, 241, 243, 245, 248, 257, 259, 260, 263, 275}
250	7	0.80449	{0, 10, 12, 13, 19, 278, 281}
251	24	0.158065	{106, 107, 111, 112, 131, 133, 136, 160, 179, 184, 203, 206, 214, 216, 222, 227, 241, 245, 248, 257, 259, 260, 263, 275}
252	23	0.206085	{106, 107, 112, 131, 133, 136, 160, 179, 184, 203, 206, 214, 216, 222, 227, 241, 245, 248, 257, 259, 260, 263, 275}
253	40	1.0	{51, 52, 59, 77, 93, 103, 108, 109, 110, 116, 124, 151, 171, 173, 174, 175, 178, 181, 195, 196, 201, 213, 223, 224, 225, 228, 229, 237, 238, 239, 240, 244, 249, 252, 253, 254, 255, 258, 265, 273}
254	57	0.299635	{7, 20, 22, 23, 25, 27, 33, 35, 36, 41, 51, 52, 55, 59, 69, 70, 77, 80, 82, 93, 103, 108, 109, 110, 116, 123, 124, 151, 155, 171, 173, 174, 175, 178, 181, 195, 196, 201, 213, 223, 224, 225, 228, 229, 237, 238, 239, 240, 244, 249, 252, 253, 254, 255, 258, 265, 273}
255	55	0.999955	{22, 23, 25, 27, 33, 35, 36, 41, 51, 52, 55, 59, 69, 70, 77, 80, 82, 93, 103, 108, 109, 110, 116, 123, 124, 151, 155, 171, 173, 174, 175, 178, 181, 195, 196, 201, 213, 223, 224, 225, 228, 229, 237, 238, 239, 240, 244, 249, 252, 253, 254, 255, 258, 265, 273}
256	56	1.0	{20, 22, 23, 25, 27, 33, 35, 36, 41, 51, 52, 55, 59, 69, 70, 77, 80, 82, 93, 103, 108, 109, 110, 116, 123, 124, 151, 155, 171, 173, 174, 175, 178, 181, 195, 196, 201, 213, 223, 224, 225, 228, 229, 237, 238, 239, 240, 244, 249, 252, 253, 254, 255, 258, 265, 273}
257	4	0.40643	{30, 58, 64, 79}
258	3	0.0364	{52, 109, 244}
259	2	0.66978	{270, 276}
260	2	0.58417	{109, 244}
261	2	0.995445	{142, 143}
262	2	0.38695	{14, 17}
263	2	0.193175	{158, 159}
264	3	0.500485	{14, 16, 17}
265	3	0.94343	{30, 64, 79}
266	2	1.0	{252, 254}
267	2	0.20873	{14, 16}
268	2	0.101545	{50, 62}
269	2	0.521085	{46, 53}
270	3	0.124545	{8, 14, 17}
271	4	1.0	{8, 14, 16, 17}
272	2	0.194355	{119, 125}
273	2	0.09915	{8, 14}
274	16	0.0	{135, 148, 152, 153, 156, 157, 158, 159, 162, 163, 186, 205, 212, 217, 234, 256}
275	15	0.0	{148, 152, 153, 156, 157, 158, 159, 162, 163, 186, 205, 212, 217, 234, 256}
276	14	0.0	{152, 153, 156, 157, 158, 159, 162, 163, 186, 205, 212, 217, 234, 256}
277	3	0.036535	{59, 109, 244}
278	2	0.235075	{43, 46}
279	2	0.133665	{187, 188}
280	3	0.97852	{43, 46, 53}
281	21	0.0	{135, 148, 152, 153, 156, 157, 158, 159, 162, 163, 164, 169, 182, 186, 193, 194, 205, 212, 217, 234, 256}
282	12	0.99977	{223, 224, 225, 237, 238, 240, 252, 253, 254, 258, 265, 273}
283	13	0.93062	{195, 223, 224, 225, 237, 238, 240, 252, 253, 254, 258, 265, 273}
284	14	1.0	{195, 223, 224, 225, 237, 238, 240, 252, 253, 254, 255, 258, 265, 273}
285	20	0.0	{148, 152, 153, 156, 157, 158, 159, 162, 163, 164, 169, 182, 186, 193, 194, 205, 212, 217, 234, 256}
286	16	1.0	{151, 195, 223, 224, 225, 237, 238, 239, 240, 252, 253, 254, 255, 258, 265, 273}
287	15	0.990955	{151, 195, 223, 224, 225, 237, 238, 240, 252, 253, 254, 255, 258, 265, 273}
288	17	0.0	{135, 139, 148, 152, 153, 156, 157, 158, 159, 162, 163, 186, 205, 212, 217, 234, 256}
289	31	0.0	{86, 89, 95, 96, 97, 100, 104, 113, 115, 135, 139, 148, 152, 153, 156, 157, 158, 159, 162, 163, 164, 169, 182, 186, 193, 194, 205, 212, 217, 234, 256}
290	30	0.0	{89, 95, 96, 97, 100, 104, 113, 115, 135, 139, 148, 152, 153, 156, 157, 158, 159, 162, 163, 164, 169, 182, 186, 193, 194, 205, 212, 217, 234, 256}
291	16	0.0	{139, 148, 152, 153, 156, 157, 158, 159, 162, 163, 186, 205, 212, 217, 234, 256}
292	30	0.0	{86, 89, 95, 96, 97, 100, 113, 115, 135, 139, 148, 152, 153, 156, 157, 158, 159, 162, 163, 164, 169, 182, 186, 193, 194, 205, 212, 217, 234, 256}
293	29	0.0	{89, 95, 96, 97, 100, 113, 115, 135, 139, 148, 152, 153, 156, 157, 158, 159, 162, 163, 164, 169, 182, 186, 193, 194, 205, 212, 217, 234, 256}
294	23	0.0	{89, 135, 139, 148, 152, 153, 156, 157, 158, 159, 162, 163, 164, 169, 182, 186, 193, 194, 205, 212, 217, 234, 256}
295	2	0.999925	{262, 268}
296	22	0.0	{135, 139, 148, 152, 153, 156, 157, 158, 159, 162, 163, 164, 169, 182, 186, 193, 194, 205, 212, 217, 234, 256}
297	21	0.0	{139, 148, 152, 153, 156, 157, 158, 159, 162, 163, 164, 169, 182, 186, 193, 194, 205, 212, 217, 234, 256}
298	177	0.0	{0, 10, 12, 13, 19, 24, 26, 28, 29, 30, 31, 32, 34, 37, 40, 43, 44, 46, 48, 49, 50, 53, 54, 56, 57, 58, 60, 61, 62, 63, 64, 65, 66, 68, 71, 72, 73, 75, 76, 78, 79, 81, 83, 84, 85, 86, 87, 88, 89, 90, 91, 92, 94, 95, 96, 97, 98, 99, 100, 101, 102, 104, 105, 106, 107, 111, 112, 113, 115, 117, 118, 119, 120, 121, 122, 125, 126, 127, 128, 129, 130, 131, 132, 133, 134, 135, 136, 137, 138, 139, 140, 141, 142, 143, 144, 145, 146, 147, 148, 149, 150, 152, 153, 156, 157, 158, 159, 160, 162, 163, 164, 169, 179, 180, 182, 183, 184, 186, 193, 194, 197, 198, 200, 202, 203, 204, 205, 206, 207, 208, 209, 210, 211, 212, 214, 215, 216, 217, 219, 220, 221, 222, 227, 230, 231, 232, 234, 241, 242, 243, 245, 246, 248, 250, 251, 256, 257, 259, 260, 261, 262, 263, 264, 266, 267, 268, 269, 270, 271, 272, 274, 275, 276, 278, 280, 281, 288}
299	5	0.25564	{26, 29, 30, 64, 79}
300	8	0.14807	{98, 121, 141, 183, 207, 208, 209, 210}
301	7	1.0	{121, 141, 183, 207, 208, 209, 210}
302	8	0.11424	{99, 121, 141, 183, 207, 208, 209, 210}
303	16	0.965165	{50, 54, 56, 57, 60, 61, 62, 63, 65, 66, 75, 83, 87, 94, 105, 146}
304	8	0.705335	{167, 168, 170, 177, 218, 226, 235, 236}
305	3	0.93646	{226, 235, 236}
306	5	0.17539	{141, 207, 208, 209, 210}
307	6	0.99816	{26, 29, 30, 58, 64, 79}
308	2	1.0	{219, 220}
309	2	0.235475	{93, 124}
310	2	1.0	{235, 236}
311	2	0.120225	{189, 192}
312	6	0.99999	{141, 183, 207, 208, 209, 210}
313	2	0.180225	{141, 183}
314	4	0.52262	{149, 219, 220, 230}
315	5	1.0	{145, 149, 219, 220, 230}
316	7	0.089215	{24, 26, 29, 30, 58, 64, 79}
317	3	0.932485	{219, 220, 230}
318	4	0.21331	{145, 219, 220, 230}
319	9	0.11097	{98, 121, 122, 141, 183, 207, 208, 209, 210}
320	8	0.11054	{121, 122, 141, 183, 207, 208, 209, 210}
321	178	0.0	{0, 10, 12, 13, 19, 24, 26, 28, 29, 30, 31, 32, 34, 37, 40, 43, 44, 46, 48, 49, 50, 53, 54, 56, 57, 58, 60, 61, 62, 63, 64, 65, 66, 68, 71, 72, 73, 75, 76, 78, 79, 81, 83, 84, 85, 86, 87, 88, 89, 90, 91, 92, 94, 95, 96, 97, 98, 99, 100, 101, 102, 104, 105, 106, 107, 111, 112, 113, 115, 117, 118, 119, 120, 121, 122, 125, 126, 127, 128, 129, 130, 131, 132, 133, 134, 135, 136, 137, 138, 139, 140, 141, 142, 143, 144, 145, 146, 147, 148, 149, 150, 152, 153, 156, 157, 158, 159, 160, 162, 163, 164, 169, 179, 180, 182, 183, 184, 186, 193, 194, 197, 198, 200, 202, 203, 204, 205, 206, 207, 208, 209, 210, 211, 212, 214, 215, 216, 217, 219, 220, 221, 222, 227, 230, 231, 232, 234, 241, 242, 243, 245, 246, 248, 250, 251, 256, 257, 259, 260, 261, 262, 263, 264, 266, 267, 268, 269, 270, 271, 272, 274, 275, 276, 278, 280, 281, 282, 288}
322	4	0.99172	{264, 267, 270, 276}
323	3	0.166095	{264, 267, 270}
324	2	0.1987	{173, 201}
325	170	0.0	{24, 26, 28, 29, 30, 31, 32, 34, 37, 40, 43, 44, 46, 48, 49, 50, 53, 54, 56, 57, 58, 60, 61, 62, 63, 64, 65, 66, 68, 71, 72, 73, 75, 76, 78, 79, 81, 83, 84, 85, 86, 87, 88, 89, 90, 91, 92, 94, 95, 96, 97, 98, 99, 100, 101, 102, 104, 105, 106, 107, 111, 112, 113, 115, 117, 118, 119, 120, 121, 122, 125, 126, 127, 128, 129, 130, 131, 132, 133, 134, 135, 136, 137, 138, 139, 140, 141, 142, 143, 144, 145, 146, 147, 148, 149, 150, 152, 153, 156, 157, 158, 159, 160, 162, 163, 164, 169, 179, 180, 182, 183, 184, 186, 193, 194, 197, 198, 200, 202, 203, 204, 205, 206, 207, 208, 209, 210, 211, 212, 214, 215, 216, 217, 219, 220, 221, 222, 227, 230, 231, 232, 234, 241, 242, 243, 245, 246, 248, 250, 251, 256, 257, 259, 260, 261, 262, 263, 264, 266, 267, 268, 269, 270, 271, 272, 274, 275, 276, 282, 288}
326	24	0.08195	{34, 44, 68, 72, 78, 81, 117, 118, 120, 126, 127, 128, 129, 138, 144, 145, 147, 149, 200, 202, 219, 220, 230, 272}
327	10	0.37083	{167, 168, 170, 177, 218, 226, 233, 235, 236, 247}
328	19	0.99943	{77, 93, 124, 151, 195, 223, 224, 225, 237, 238, 239, 240, 252, 253, 254, 255, 258, 265, 273}
329	17	0.54808	{124, 151, 195, 223, 224, 225, 237, 238, 239, 240, 252, 253, 254, 255, 258, 265, 273}
330	4	1.0	{218, 226, 235, 236}
331	5	0.25348	{177, 218, 226, 235, 236}
332	3	1.0	{140, 142, 143}
333	2	0.108595	{157, 234}
334	3	0.10581	{171, 173, 201}
335	7	9.5E-5	{145, 149, 202, 219, 220, 230, 272}
336	36	0.098765	{51, 77, 93, 103, 108, 110, 116, 124, 151, 171, 173, 174, 175, 178, 181, 195, 196, 201, 213, 223, 224, 225, 228, 229, 237, 238, 239, 240, 249, 252, 253, 254, 255, 258, 265, 273}
337	37	0.043555	{51, 52, 77, 93, 103, 108, 110, 116, 124, 151, 171, 173, 174, 175, 178, 181, 195, 196, 201, 213, 223, 224, 225, 228, 229, 237, 238, 239, 240, 249, 252, 253, 254, 255, 258, 265, 273}
338	33	0.07946	{51, 77, 93, 103, 108, 110, 116, 124, 151, 171, 173, 174, 175, 181, 195, 196, 201, 213, 223, 224, 225, 237, 238, 239, 240, 249, 252, 253, 254, 255, 258, 265, 273}
339	5	0.72391	{170, 218, 226, 235, 236}
340	6	0.998505	{170, 177, 218, 226, 235, 236}
341	169	0.0	{24, 26, 28, 29, 30, 31, 32, 34, 37, 40, 43, 44, 46, 48, 49, 50, 53, 54, 56, 57, 58, 60, 61, 62, 63, 64, 65, 66, 68, 71, 72, 73, 75, 76, 78, 79, 81, 83, 84, 85, 86, 87, 88, 89, 90, 91, 92, 94, 95, 96, 97, 98, 99, 100, 101, 102, 104, 105, 106, 107, 111, 112, 113, 115, 117, 118, 119, 120, 121, 122, 125, 126, 127, 128, 129, 130, 131, 132, 133, 134, 135, 136, 137, 138, 139, 140, 141, 142, 143, 144, 145, 146, 147, 148, 149, 150, 152, 153, 156, 157, 158, 159, 160, 162, 163, 164, 169, 179, 180, 182, 183, 184, 186, 193, 194, 197, 198, 200, 202, 203, 204, 205, 206, 207, 208, 209, 210, 211, 212, 214, 215, 216, 217, 219, 220, 221, 222, 227, 230, 231, 232, 234, 241, 242, 243, 245, 246, 248, 250, 251, 256, 257, 259, 260, 261, 262, 263, 264, 266, 267, 268, 269, 270, 271, 272, 274, 275, 276, 288}
342	168	0.0	{24, 26, 28, 29, 30, 31, 32, 34, 37, 40, 43, 44, 46, 48, 49, 50, 53, 54, 56, 57, 58, 60, 61, 62, 63, 64, 65, 66, 68, 71, 72, 73, 75, 76, 78, 79, 81, 83, 84, 85, 86, 87, 88, 89, 90, 91, 92, 94, 95, 96, 97, 98, 99, 100, 101, 102, 104, 105, 106, 107, 111, 112, 113, 115, 117, 118, 119, 120, 121, 122, 125, 126, 127, 128, 129, 130, 131, 132, 133, 134, 135, 136, 137, 138, 139, 140, 141, 142, 143, 144, 145, 146, 147, 148, 149, 150, 152, 153, 156, 157, 158, 159, 160, 162, 163, 164, 169, 179, 180, 182, 183, 184, 186, 193, 194, 197, 198, 200, 202, 203, 204, 205, 206, 207, 208, 209, 210, 211, 212, 214, 215, 216, 217, 219, 220, 221, 222, 227, 230, 231, 232, 234, 241, 242, 243, 245, 246, 248, 250, 251, 256, 257, 259, 260, 261, 262, 263, 264, 266, 267, 268, 269, 270, 271, 272, 274, 275, 276}
343	20	0.0	{72, 78, 81, 117, 118, 120, 126, 127, 128, 129, 138, 144, 145, 147, 149, 202, 219, 220, 230, 272}
344	21	0.0	{68, 72, 78, 81, 117, 118, 120, 126, 127, 128, 129, 138, 144, 145, 147, 149, 202, 219, 220, 230, 272}
345	19	0.0	{78, 81, 117, 118, 120, 126, 127, 128, 129, 138, 144, 145, 147, 149, 202, 219, 220, 230, 272}
346	20	0.0	{68, 78, 81, 117, 118, 120, 126, 127, 128, 129, 138, 144, 145, 147, 149, 202, 219, 220, 230, 272}
347	7	1.0	{168, 170, 177, 218, 226, 235, 236}
348	2	0.12033	{187, 189}
349	2	0.147795	{171, 173}
350	5	0.0	{186, 205, 212, 217, 256}
351	7	0.0	{162, 163, 186, 205, 212, 217, 256}
352	3	0.351745	{94, 105, 146}
353	6	0.229685	{262, 266, 268, 269, 271, 274}
354	136	0.0	{26, 29, 30, 40, 43, 46, 48, 49, 50, 53, 54, 56, 57, 58, 60, 61, 62, 63, 64, 65, 66, 73, 75, 76, 79, 83, 84, 86, 87, 88, 89, 90, 91, 92, 94, 95, 96, 97, 98, 99, 100, 101, 102, 104, 105, 106, 107, 111, 112, 113, 115, 119, 121, 122, 125, 130, 131, 132, 133, 134, 135, 136, 137, 139, 140, 141, 142, 143, 146, 148, 150, 152, 153, 156, 157, 158, 159, 160, 162, 163, 164, 169, 179, 180, 182, 183, 184, 186, 193, 194, 197, 203, 204, 205, 206, 207, 208, 209, 210, 211, 212, 214, 215, 216, 217, 221, 222, 227, 231, 232, 234, 241, 242, 243, 245, 246, 248, 250, 251, 256, 257, 259, 260, 261, 262, 263, 264, 266, 267, 268, 269, 270, 271, 274, 275, 276}
355	138	0.0	{24, 26, 29, 30, 40, 43, 46, 48, 49, 50, 53, 54, 56, 57, 58, 60, 61, 62, 63, 64, 65, 66, 71, 73, 75, 76, 79, 83, 84, 86, 87, 88, 89, 90, 91, 92, 94, 95, 96, 97, 98, 99, 100, 101, 102, 104, 105, 106, 107, 111, 112, 113, 115, 119, 121, 122, 125, 130, 131, 132, 133, 134, 135, 136, 137, 139, 140, 141, 142, 143, 146, 148, 150, 152, 153, 156, 157, 158, 159, 160, 162, 163, 164, 169, 179, 180, 182, 183, 184, 186, 193, 194, 197, 203, 204, 205, 206, 207, 208, 209, 210, 211, 212, 214, 215, 216, 217, 221, 222, 227, 231, 232, 234, 241, 242, 243, 245, 246, 248, 250, 251, 256, 257, 259, 260, 261, 262, 263, 264, 266, 267, 268, 269, 270, 271, 274, 275, 276}
356	137	0.0	{24, 26, 29, 30, 40, 43, 46, 48, 49, 50, 53, 54, 56, 57, 58, 60, 61, 62, 63, 64, 65, 66, 73, 75, 76, 79, 83, 84, 86, 87, 88, 89, 90, 91, 92, 94, 95, 96, 97, 98, 99, 100, 101, 102, 104, 105, 106, 107, 111, 112, 113, 115, 119, 121, 122, 125, 130, 131, 132, 133, 134, 135, 136, 137, 139, 140, 141, 142, 143, 146, 148, 150, 152, 153, 156, 157, 158, 159, 160, 162, 163, 164, 169, 179, 180, 182, 183, 184, 186, 193, 194, 197, 203, 204, 205, 206, 207, 208, 209, 210, 211, 212, 214, 215, 216, 217, 221, 222, 227, 231, 232, 234, 241, 242, 243, 245, 246, 248, 250, 251, 256, 257, 259, 260, 261, 262, 263, 264, 266, 267, 268, 269, 270, 271, 274, 275, 276}
357	137	0.0	{26, 29, 30, 40, 43, 46, 48, 49, 50, 53, 54, 56, 57, 58, 60, 61, 62, 63, 64, 65, 66, 71, 73, 75, 76, 79, 83, 84, 86, 87, 88, 89, 90, 91, 92, 94, 95, 96, 97, 98, 99, 100, 101, 102, 104, 105, 106, 107, 111, 112, 113, 115, 119, 121, 122, 125, 130, 131, 132, 133, 134, 135, 136, 137, 139, 140, 141, 142, 143, 146, 148, 150, 152, 153, 156, 157, 158, 159, 160, 162, 163, 164, 169, 179, 180, 182, 183, 184, 186, 193, 194, 197, 203, 204, 205, 206, 207, 208, 209, 210, 211, 212, 214, 215, 216, 217, 221, 222, 227, 231, 232, 234, 241, 242, 243, 245, 246, 248, 250, 251, 256, 257, 259, 260, 261, 262, 263, 264, 266, 267, 268, 269, 270, 271, 274, 275, 276}
358	2	1.0	{6, 287}
359	2	0.008895	{110, 196}
360	2	0.409015	{205, 212}
361	3	1.0	{225, 253, 258}
362	2	0.989645	{237, 238}
363	2	0.97618	{31, 32}
364	2	1.0	{78, 81}
365	2	0.122615	{191, 192}
366	2	0.100965	{50, 94}
367	2	0.11005	{50, 63}
368	2	0.164585	{21, 47}
369	22	1.0	{114, 161, 165, 166, 167, 168, 170, 176, 177, 187, 188, 189, 190, 191, 192, 199, 218, 226, 233, 235, 236, 247}
370	21	0.99963	{161, 165, 166, 167, 168, 170, 176, 177, 187, 188, 189, 190, 191, 192, 199, 218, 226, 233, 235, 236, 247}
371	20	0.5382	{165, 166, 167, 168, 170, 176, 177, 187, 188, 189, 190, 191, 192, 199, 218, 226, 233, 235, 236, 247}
372	18	0.1326	{166, 167, 168, 170, 177, 187, 188, 189, 190, 191, 192, 199, 218, 226, 233, 235, 236, 247}
373	3	0.087815	{103, 110, 196}
374	2	0.12325	{103, 110}
375	2	1.0	{120, 126}
376	3	0.113695	{72, 78, 81}
377	27	0.167135	{21, 67, 74, 114, 154, 161, 165, 166, 167, 168, 170, 176, 177, 185, 187, 188, 189, 190, 191, 192, 199, 218, 226, 233, 235, 236, 247}
378	25	0.99998	{74, 114, 154, 161, 165, 166, 167, 168, 170, 176, 177, 185, 187, 188, 189, 190, 191, 192, 199, 218, 226, 233, 235, 236, 247}
379	26	1.0	{67, 74, 114, 154, 161, 165, 166, 167, 168, 170, 176, 177, 185, 187, 188, 189, 190, 191, 192, 199, 218, 226, 233, 235, 236, 247}
380	4	0.99845	{186, 205, 212, 256}
381	2	0.054025	{186, 205}
382	3	0.198105	{186, 205, 256}
383	3	0.0	{205, 212, 217}
384	4	0.0	{205, 212, 217, 256}
385	2	0.288725	{175, 201}
386	7	0.99812	{223, 224, 237, 238, 240, 265, 273}
387	8	0.0	{162, 163, 186, 205, 212, 217, 234, 256}
388	2	0.512375	{266, 271}
389	9	0.655635	{119, 211, 221, 231, 232, 242, 246, 250, 261}
390	141	0.0	{24, 26, 28, 29, 30, 37, 40, 43, 46, 48, 49, 50, 53, 54, 56, 57, 58, 60, 61, 62, 63, 64, 65, 66, 73, 75, 76, 79, 83, 84, 85, 86, 87, 88, 89, 90, 91, 92, 94, 95, 96, 97, 98, 99, 100, 101, 102, 104, 105, 106, 107, 111, 112, 113, 115, 119, 121, 122, 125, 130, 131, 132, 133, 134, 135, 136, 137, 139, 140, 141, 142, 143, 146, 148, 150, 152, 153, 156, 157, 158, 159, 160, 162, 163, 164, 169, 179, 180, 182, 183, 184, 186, 193, 194, 197, 198, 203, 204, 205, 206, 207, 208, 209, 210, 211, 212, 214, 215, 216, 217, 221, 222, 227, 231, 232, 234, 241, 242, 243, 245, 246, 248, 250, 251, 256, 257, 259, 260, 261, 262, 263, 264, 266, 267, 268, 269, 270, 271, 274, 275, 276}
391	5	0.15453	{221, 231, 232, 242, 250}
392	8	1.0	{211, 221, 231, 232, 242, 246, 250, 261}
393	142	0.0	{24, 26, 28, 29, 30, 37, 40, 43, 46, 48, 49, 50, 53, 54, 56, 57, 58, 60, 61, 62, 63, 64, 65, 66, 71, 73, 75, 76, 79, 83, 84, 85, 86, 87, 88, 89, 90, 91, 92, 94, 95, 96, 97, 98, 99, 100, 101, 102, 104, 105, 106, 107, 111, 112, 113, 115, 119, 121, 122, 125, 130, 131, 132, 133, 134, 135, 136, 137, 139, 140, 141, 142, 143, 146, 148, 150, 152, 153, 156, 157, 158, 159, 160, 162, 163, 164, 169, 179, 180, 182, 183, 184, 186, 193, 194, 197, 198, 203, 204, 205, 206, 207, 208, 209, 210, 211, 212, 214, 215, 216, 217, 221, 222, 227, 231, 232, 234, 241, 242, 243, 245, 246, 248, 250, 251, 256, 257, 259, 260, 261, 262, 263, 264, 266, 267, 268, 269, 270, 271, 274, 275, 276}
394	140	0.0	{26, 28, 29, 30, 37, 40, 43, 46, 48, 49, 50, 53, 54, 56, 57, 58, 60, 61, 62, 63, 64, 65, 66, 73, 75, 76, 79, 83, 84, 85, 86, 87, 88, 89, 90, 91, 92, 94, 95, 96, 97, 98, 99, 100, 101, 102, 104, 105, 106, 107, 111, 112, 113, 115, 119, 121, 122, 125, 130, 131, 132, 133, 134, 135, 136, 137, 139, 140, 141, 142, 143, 146, 148, 150, 152, 153, 156, 157, 158, 159, 160, 162, 163, 164, 169, 179, 180, 182, 183, 184, 186, 193, 194, 197, 198, 203, 204, 205, 206, 207, 208, 209, 210, 211, 212, 214, 215, 216, 217, 221, 222, 227, 231, 232, 234, 241, 242, 243, 245, 246, 248, 250, 251, 256, 257, 259, 260, 261, 262, 263, 264, 266, 267, 268, 269, 270, 271, 274, 275, 276}
395	6	0.12639	{221, 231, 232, 242, 246, 250}
396	17	0.13409	{88, 90, 98, 99, 102, 121, 122, 140, 141, 142, 143, 183, 204, 207, 208, 209, 210}
397	7	0.36625	{211, 221, 231, 232, 242, 246, 250}
398	3	0.31368	{221, 250, 261}
399	2	0.18045	{188, 189}
400	2	0.15746	{156, 157}
401	2	1.0	{221, 250}
402	3	0.09931	{171, 175, 201}
403	4	7.5E-5	{120, 126, 202, 272}
404	7	0.976655	{8, 14, 15, 16, 17, 279, 284}
405	105	0.998415	{2, 3, 7, 8, 9, 11, 14, 15, 16, 17, 18, 20, 21, 22, 23, 25, 27, 33, 35, 36, 38, 39, 41, 42, 45, 47, 51, 52, 55, 59, 67, 69, 70, 74, 77, 80, 82, 93, 103, 108, 109, 110, 114, 116, 123, 124, 151, 154, 155, 161, 165, 166, 167, 168, 170, 171, 173, 174, 175, 176, 177, 178, 181, 185, 187, 188, 189, 190, 191, 192, 195, 196, 199, 201, 213, 218, 223, 224, 225, 226, 228, 229, 233, 235, 236, 237, 238, 239, 240, 244, 247, 249, 252, 253, 254, 255, 258, 265, 273, 277, 279, 283, 284, 285, 289}
406	185	0.10666	{0, 1, 4, 5, 6, 10, 12, 13, 19, 24, 26, 28, 29, 30, 31, 32, 34, 37, 40, 43, 44, 46, 48, 49, 50, 53, 54, 56, 57, 58, 60, 61, 62, 63, 64, 65, 66, 68, 71, 72, 73, 75, 76, 78, 79, 81, 83, 84, 85, 86, 87, 88, 89, 90, 91, 92, 94, 95, 96, 97, 98, 99, 100, 101, 102, 104, 105, 106, 107, 111, 112, 113, 115, 117, 118, 119, 120, 121, 122, 125, 126, 127, 128, 129, 130, 131, 132, 133, 134, 135, 136, 137, 138, 139, 140, 141, 142, 143, 144, 145, 146, 147, 148, 149, 150, 152, 153, 156, 157, 158, 159, 160, 162, 163, 164, 169, 172, 179, 180, 182, 183, 184, 186, 193, 194, 197, 198, 200, 202, 203, 204, 205, 206, 207, 208, 209, 210, 211, 212, 214, 215, 216, 217, 219, 220, 221, 222, 227, 230, 231, 232, 234, 241, 242, 243, 245, 246, 248, 250, 251, 256, 257, 259, 260, 261, 262, 263, 264, 266, 267, 268, 269, 270, 271, 272, 274, 275, 276, 278, 280, 281, 282, 286, 287, 288}
407	106	0.81495	{2, 3, 5, 7, 8, 9, 11, 14, 15, 16, 17, 18, 20, 21, 22, 23, 25, 27, 33, 35, 36, 38, 39, 41, 42, 45, 47, 51, 52, 55, 59, 67, 69, 70, 74, 77, 80, 82, 93, 103, 108, 109, 110, 114, 116, 123, 124, 151, 154, 155, 161, 165, 166, 167, 168, 170, 171, 173, 174, 175, 176, 177, 178, 181, 185, 187, 188, 189, 190, 191, 192, 195, 196, 199, 201, 213, 218, 223, 224, 225, 226, 228, 229, 233, 235, 236, 237, 238, 239, 240, 244, 247, 249, 252, 253, 254, 255, 258, 265, 273, 277, 279, 283, 284, 285, 289}
408	184	0.40561	{0, 1, 4, 6, 10, 12, 13, 19, 24, 26, 28, 29, 30, 31, 32, 34, 37, 40, 43, 44, 46, 48, 49, 50, 53, 54, 56, 57, 58, 60, 61, 62, 63, 64, 65, 66, 68, 71, 72, 73, 75, 76, 78, 79, 81, 83, 84, 85, 86, 87, 88, 89, 90, 91, 92, 94, 95, 96, 97, 98, 99, 100, 101, 102, 104, 105, 106, 107, 111, 112, 113, 115, 117, 118, 119, 120, 121, 122, 125, 126, 127, 128, 129, 130, 131, 132, 133, 134, 135, 136, 137, 138, 139, 140, 141, 142, 143, 144, 145, 146, 147, 148, 149, 150, 152, 153, 156, 157, 158, 159, 160, 162, 163, 164, 169, 172, 179, 180, 182, 183, 184, 186, 193, 194, 197, 198, 200, 202, 203, 204, 205, 206, 207, 208, 209, 210, 211, 212, 214, 215, 216, 217, 219, 220, 221, 222, 227, 230, 231, 232, 234, 241, 242, 243, 245, 246, 248, 250, 251, 256, 257, 259, 260, 261, 262, 263, 264, 266, 267, 268, 269, 270, 271, 272, 274, 275, 276, 278, 280, 281, 282, 286, 287, 288}
409	108	0.42477	{1, 2, 3, 4, 5, 7, 8, 9, 11, 14, 15, 16, 17, 18, 20, 21, 22, 23, 25, 27, 33, 35, 36, 38, 39, 41, 42, 45, 47, 51, 52, 55, 59, 67, 69, 70, 74, 77, 80, 82, 93, 103, 108, 109, 110, 114, 116, 123, 124, 151, 154, 155, 161, 165, 166, 167, 168, 170, 171, 173, 174, 175, 176, 177, 178, 181, 185, 187, 188, 189, 190, 191, 192, 195, 196, 199, 201, 213, 218, 223, 224, 225, 226, 228, 229, 233, 235, 236, 237, 238, 239, 240, 244, 247, 249, 252, 253, 254, 255, 258, 265, 273, 277, 279, 283, 284, 285, 289}
410	182	0.995455	{0, 6, 10, 12, 13, 19, 24, 26, 28, 29, 30, 31, 32, 34, 37, 40, 43, 44, 46, 48, 49, 50, 53, 54, 56, 57, 58, 60, 61, 62, 63, 64, 65, 66, 68, 71, 72, 73, 75, 76, 78, 79, 81, 83, 84, 85, 86, 87, 88, 89, 90, 91, 92, 94, 95, 96, 97, 98, 99, 100, 101, 102, 104, 105, 106, 107, 111, 112, 113, 115, 117, 118, 119, 120, 121, 122, 125, 126, 127, 128, 129, 130, 131, 132, 133, 134, 135, 136, 137, 138, 139, 140, 141, 142, 143, 144, 145, 146, 147, 148, 149, 150, 152, 153, 156, 157, 158, 159, 160, 162, 163, 164, 169, 172, 179, 180, 182, 183, 184, 186, 193, 194, 197, 198, 200, 202, 203, 204, 205, 206, 207, 208, 209, 210, 211, 212, 214, 215, 216, 217, 219, 220, 221, 222, 227, 230, 231, 232, 234, 241, 242, 243, 245, 246, 248, 250, 251, 256, 257, 259, 260, 261, 262, 263, 264, 266, 267, 268, 269, 270, 271, 272, 274, 275, 276, 278, 280, 281, 282, 286, 287, 288}
411	12	0.0	{117, 118, 120, 126, 127, 128, 129, 138, 144, 147, 202, 272}
412	42	0.98956	{8, 9, 14, 15, 16, 17, 21, 38, 39, 42, 45, 47, 67, 74, 114, 154, 161, 165, 166, 167, 168, 170, 176, 177, 185, 187, 188, 189, 190, 191, 192, 199, 218, 226, 233, 235, 236, 247, 277, 279, 283, 284}
413	10	1.0	{108, 116, 171, 173, 174, 175, 181, 201, 213, 249}
414	11	0.629105	{51, 108, 116, 171, 173, 174, 175, 181, 201, 213, 249}
415	9	0.098295	{108, 171, 173, 174, 175, 181, 201, 213, 249}
416	2	0.123955	{187, 191}
417	2	0.11285	{171, 175}
418	77	0.0	{26, 29, 30, 43, 46, 50, 53, 54, 56, 57, 58, 60, 61, 62, 63, 64, 65, 66, 73, 75, 79, 83, 86, 87, 88, 89, 90, 91, 92, 94, 95, 96, 97, 98, 99, 100, 101, 102, 104, 105, 113, 115, 121, 122, 135, 139, 140, 141, 142, 143, 146, 148, 152, 153, 156, 157, 158, 159, 162, 163, 164, 169, 182, 183, 186, 193, 194, 204, 205, 207, 208, 209, 210, 212, 217, 234, 256}
419	53	0.109565	{26, 29, 30, 40, 48, 58, 64, 76, 79, 84, 106, 107, 111, 112, 130, 131, 132, 133, 134, 136, 137, 150, 160, 179, 184, 197, 203, 206, 214, 215, 216, 222, 227, 241, 243, 245, 248, 251, 257, 259, 260, 262, 263, 264, 266, 267, 268, 269, 270, 271, 274, 275, 276}
420	20	1.0	{88, 90, 91, 92, 98, 99, 101, 102, 121, 122, 140, 141, 142, 143, 183, 204, 207, 208, 209, 210}
421	2	0.999045	{269, 274}
422	2	0.114485	{61, 63}
423	8	0.3008	{264, 266, 267, 269, 270, 271, 274, 276}
424	106	0.0	{2, 3, 7, 8, 9, 11, 14, 15, 16, 17, 18, 20, 21, 22, 23, 25, 27, 33, 35, 36, 38, 39, 41, 42, 45, 47, 51, 52, 55, 59, 67, 69, 70, 74, 77, 80, 82, 93, 103, 108, 109, 110, 114, 116, 123, 124, 151, 154, 155, 161, 165, 166, 167, 168, 170, 171, 172, 173, 174, 175, 176, 177, 178, 181, 185, 187, 188, 189, 190, 191, 192, 195, 196, 199, 201, 213, 218, 223, 224, 225, 226, 228, 229, 233, 235, 236, 237, 238, 239, 240, 244, 247, 249, 252, 253, 254, 255, 258, 265, 273, 277, 279, 283, 284, 285, 289}
425	107	0.0	{2, 3, 5, 7, 8, 9, 11, 14, 15, 16, 17, 18, 20, 21, 22, 23, 25, 27, 33, 35, 36, 38, 39, 41, 42, 45, 47, 51, 52, 55, 59, 67, 69, 70, 74, 77, 80, 82, 93, 103, 108, 109, 110, 114, 116, 123, 124, 151, 154, 155, 161, 165, 166, 167, 168, 170, 171, 172, 173, 174, 175, 176, 177, 178, 181, 185, 187, 188, 189, 190, 191, 192, 195, 196, 199, 201, 213, 218, 223, 224, 225, 226, 228, 229, 233, 235, 236, 237, 238, 239, 240, 244, 247, 249, 252, 253, 254, 255, 258, 265, 273, 277, 279, 283, 284, 285, 289}
426	183	0.0	{0, 1, 4, 6, 10, 12, 13, 19, 24, 26, 28, 29, 30, 31, 32, 34, 37, 40, 43, 44, 46, 48, 49, 50, 53, 54, 56, 57, 58, 60, 61, 62, 63, 64, 65, 66, 68, 71, 72, 73, 75, 76, 78, 79, 81, 83, 84, 85, 86, 87, 88, 89, 90, 91, 92, 94, 95, 96, 97, 98, 99, 100, 101, 102, 104, 105, 106, 107, 111, 112, 113, 115, 117, 118, 119, 120, 121, 122, 125, 126, 127, 128, 129, 130, 131, 132, 133, 134, 135, 136, 137, 138, 139, 140, 141, 142, 143, 144, 145, 146, 147, 148, 149, 150, 152, 153, 156, 157, 158, 159, 160, 162, 163, 164, 169, 179, 180, 182, 183, 184, 186, 193, 194, 197, 198, 200, 202, 203, 204, 205, 206, 207, 208, 209, 210, 211, 212, 214, 215, 216, 217, 219, 220, 221, 222, 227, 230, 231, 232, 234, 241, 242, 243, 245, 246, 248, 250, 251, 256, 257, 259, 260, 261, 262, 263, 264, 266, 267, 268, 269, 270, 271, 272, 274, 275, 276, 278, 280, 281, 282, 286, 287, 288}
427	109	0.0	{1, 2, 3, 4, 5, 7, 8, 9, 11, 14, 15, 16, 17, 18, 20, 21, 22, 23, 25, 27, 33, 35, 36, 38, 39, 41, 42, 45, 47, 51, 52, 55, 59, 67, 69, 70, 74, 77, 80, 82, 93, 103, 108, 109, 110, 114, 116, 123, 124, 151, 154, 155, 161, 165, 166, 167, 168, 170, 171, 172, 173, 174, 175, 176, 177, 178, 181, 185, 187, 188, 189, 190, 191, 192, 195, 196, 199, 201, 213, 218, 223, 224, 225, 226, 228, 229, 233, 235, 236, 237, 238, 239, 240, 244, 247, 249, 252, 253, 254, 255, 258, 265, 273, 277, 279, 283, 284, 285, 289}
428	181	0.0	{0, 6, 10, 12, 13, 19, 24, 26, 28, 29, 30, 31, 32, 34, 37, 40, 43, 44, 46, 48, 49, 50, 53, 54, 56, 57, 58, 60, 61, 62, 63, 64, 65, 66, 68, 71, 72, 73, 75, 76, 78, 79, 81, 83, 84, 85, 86, 87, 88, 89, 90, 91, 92, 94, 95, 96, 97, 98, 99, 100, 101, 102, 104, 105, 106, 107, 111, 112, 113, 115, 117, 118, 119, 120, 121, 122, 125, 126, 127, 128, 129, 130, 131, 132, 133, 134, 135, 136, 137, 138, 139, 140, 141, 142, 143, 144, 145, 146, 147, 148, 149, 150, 152, 153, 156, 157, 158, 159, 160, 162, 163, 164, 169, 179, 180, 182, 183, 184, 186, 193, 194, 197, 198, 200, 202, 203, 204, 205, 206, 207, 208, 209, 210, 211, 212, 214, 215, 216, 217, 219, 220, 221, 222, 227, 230, 231, 232, 234, 241, 242, 243, 245, 246, 248, 250, 251, 256, 257, 259, 260, 261, 262, 263, 264, 266, 267, 268, 269, 270, 271, 272, 274, 275, 276, 278, 280, 281, 282, 286, 287, 288}
429	15	0.109165	{165, 166, 167, 168, 170, 176, 177, 190, 199, 218, 226, 233, 235, 236, 247}
430	14	0.4618	{161, 166, 167, 168, 170, 177, 190, 199, 218, 226, 233, 235, 236, 247}
431	13	0.999155	{166, 167, 168, 170, 177, 190, 199, 218, 226, 233, 235, 236, 247}
432	12	0.820505	{166, 167, 168, 170, 177, 190, 218, 226, 233, 235, 236, 247}
433	3	0.16815	{266, 269, 274}
434	18	0.113655	{26, 29, 30, 49, 58, 64, 79, 119, 125, 180, 211, 221, 231, 232, 242, 246, 250, 261}
435	41	0.24996	{8, 9, 14, 15, 16, 17, 21, 38, 39, 42, 45, 47, 67, 74, 114, 154, 161, 165, 166, 167, 168, 170, 176, 177, 185, 187, 188, 189, 190, 191, 192, 199, 218, 226, 233, 235, 236, 247, 277, 279, 284}
436	2	0.249165	{188, 191}
437	68	0.0	{50, 54, 56, 57, 60, 61, 62, 63, 65, 66, 73, 75, 83, 86, 87, 88, 89, 90, 91, 92, 94, 95, 96, 97, 98, 99, 100, 101, 102, 104, 105, 113, 115, 121, 122, 135, 139, 140, 141, 142, 143, 146, 148, 152, 153, 156, 157, 158, 159, 162, 163, 164, 169, 182, 183, 186, 193, 194, 204, 205, 207, 208, 209, 210, 212, 217, 234, 256}
438	6	0.12801	{262, 264, 267, 268, 270, 276}
439	9	0.62236	{116, 171, 173, 174, 175, 181, 201, 213, 249}
440	8	0.544365	{171, 173, 174, 175, 181, 201, 213, 249}
441	8	0.245675	{8, 14, 15, 16, 17, 279, 283, 284}
442	47	0.916225	{40, 48, 76, 84, 106, 107, 111, 112, 130, 131, 132, 133, 134, 136, 137, 150, 160, 179, 184, 197, 203, 206, 214, 215, 216, 222, 227, 241, 243, 245, 248, 251, 257, 259, 260, 262, 263, 264, 266, 267, 268, 269, 270, 271, 274, 275, 276}
443	48	0.085145	{24, 40, 48, 76, 84, 106, 107, 111, 112, 130, 131, 132, 133, 134, 136, 137, 150, 160, 179, 184, 197, 203, 206, 214, 215, 216, 222, 227, 241, 243, 245, 248, 251, 257, 259, 260, 262, 263, 264, 266, 267, 268, 269, 270, 271, 274, 275, 276}
444	2	0.48606	{166, 190}
445	2	0.22302	{116, 174}
446	5	0.097245	{166, 190, 199, 233, 247}
447	4	0.13419	{187, 188, 191, 192}
448	4	0.44214	{166, 190, 233, 247}
449	3	0.226225	{190, 233, 247}
450	9	0.94167	{223, 224, 237, 238, 240, 252, 254, 265, 273}
451	52	0.0	{73, 86, 88, 89, 90, 91, 92, 95, 96, 97, 98, 99, 100, 101, 102, 104, 113, 115, 121, 122, 135, 139, 140, 141, 142, 143, 148, 152, 153, 156, 157, 158, 159, 162, 163, 164, 169, 182, 183, 186, 193, 194, 204, 205, 207, 208, 209, 210, 212, 217, 234, 256}
452	11	0.96546	{49, 119, 125, 211, 221, 231, 232, 242, 246, 250, 261}
453	10	1.0	{119, 125, 211, 221, 231, 232, 242, 246, 250, 261}
454	12	1.0	{49, 119, 125, 180, 211, 221, 231, 232, 242, 246, 250, 261}
455	9	0.15001	{125, 211, 221, 231, 232, 242, 246, 250, 261}
456	13	0.10012	{24, 49, 119, 125, 180, 211, 221, 231, 232, 242, 246, 250, 261}
457	13	0.06949	{49, 71, 119, 125, 180, 211, 221, 231, 232, 242, 246, 250, 261}
458	51	0.0	{86, 88, 89, 90, 91, 92, 95, 96, 97, 98, 99, 100, 101, 102, 104, 113, 115, 121, 122, 135, 139, 140, 141, 142, 143, 148, 152, 153, 156, 157, 158, 159, 162, 163, 164, 169, 182, 183, 186, 193, 194, 204, 205, 207, 208, 209, 210, 212, 217, 234, 256}
459	12	1.0	{197, 251, 262, 264, 266, 267, 268, 269, 270, 271, 274, 276}
460	11	1.0	{251, 262, 264, 266, 267, 268, 269, 270, 271, 274, 276}
461	4	0.1055	{262, 266, 268, 271}
462	130	0.0	{40, 43, 46, 48, 49, 50, 53, 54, 56, 57, 60, 61, 62, 63, 65, 66, 73, 75, 76, 83, 84, 86, 87, 88, 89, 90, 91, 92, 94, 95, 96, 97, 98, 99, 100, 101, 102, 104, 105, 106, 107, 111, 112, 113, 115, 119, 121, 122, 125, 130, 131, 132, 133, 134, 135, 136, 137, 139, 140, 141, 142, 143, 146, 148, 150, 152, 153, 156, 157, 158, 159, 160, 162, 163, 164, 169, 179, 180, 182, 183, 184, 186, 193, 194, 197, 203, 204, 205, 206, 207, 208, 209, 210, 211, 212, 214, 215, 216, 217, 221, 222, 227, 231, 232, 234, 241, 242, 243, 245, 246, 248, 250, 251, 256, 257, 259, 260, 261, 262, 263, 264, 266, 267, 268, 269, 270, 271, 274, 275, 276}
463	2	0.219045	{189, 191}
464	2	0.35789	{173, 175}
465	7	0.174225	{120, 126, 145, 149, 219, 220, 230}
466	3	0.36341	{173, 175, 201}
467	26	1.0	{31, 32, 34, 44, 68, 72, 78, 81, 117, 118, 120, 126, 127, 128, 129, 138, 144, 145, 147, 149, 200, 202, 219, 220, 230, 272}
468	22	0.055335	{77, 93, 103, 110, 124, 151, 195, 196, 223, 224, 225, 237, 238, 239, 240, 252, 253, 254, 255, 258, 265, 273}
469	23	0.00765	{51, 77, 93, 103, 110, 124, 151, 195, 196, 223, 224, 225, 237, 238, 239, 240, 252, 253, 254, 255, 258, 265, 273}
470	2	0.135345	{156, 158}
471	4	1.0	{171, 173, 175, 201}
472	4	0.102345	{262, 268, 269, 274}
473	10	0.99994	{262, 264, 266, 267, 268, 269, 270, 271, 274, 276}
474	30	0.016045	{51, 77, 93, 108, 116, 124, 151, 171, 173, 174, 175, 181, 195, 201, 213, 223, 224, 225, 237, 238, 239, 240, 249, 252, 253, 254, 255, 258, 265, 273}
475	9	1.1E-4	{120, 126, 145, 149, 202, 219, 220, 230, 272}
476	104	0.1005	{2, 3, 7, 8, 9, 11, 14, 15, 16, 17, 18, 20, 21, 22, 23, 25, 27, 33, 35, 36, 38, 39, 41, 42, 45, 47, 51, 52, 55, 59, 67, 69, 70, 74, 77, 80, 82, 93, 103, 108, 109, 110, 114, 116, 123, 124, 151, 154, 155, 161, 165, 166, 167, 168, 170, 171, 173, 174, 175, 176, 177, 178, 181, 185, 187, 188, 189, 190, 191, 192, 195, 196, 199, 201, 213, 218, 223, 224, 225, 226, 228, 229, 233, 235, 236, 237, 238, 239, 240, 244, 247, 249, 252, 253, 254, 255, 258, 265, 273, 277, 279, 283, 284, 289}
477	18	0.0	{72, 117, 118, 120, 126, 127, 128, 129, 138, 144, 145, 147, 149, 202, 219, 220, 230, 272}
478	23	0.0	{31, 32, 68, 72, 78, 81, 117, 118, 120, 126, 127, 128, 129, 138, 144, 145, 147, 149, 202, 219, 220, 230, 272}
479	19	0.0	{68, 72, 117, 118, 120, 126, 127, 128, 129, 138, 144, 145, 147, 149, 202, 219, 220, 230, 272}
480	17	1.5E-5	{117, 118, 120, 126, 127, 128, 129, 138, 144, 145, 147, 149, 202, 219, 220, 230, 272}
481	43	0.84733	{8, 9, 14, 15, 16, 17, 21, 38, 39, 42, 45, 47, 67, 74, 114, 154, 161, 165, 166, 167, 168, 170, 176, 177, 185, 187, 188, 189, 190, 191, 192, 199, 218, 226, 233, 235, 236, 247, 277, 279, 283, 284, 285}
482	8	0.179585	{116, 171, 173, 175, 181, 201, 213, 249}
483	7	0.99203	{171, 173, 175, 181, 201, 213, 249}
484	3	0.17212	{171, 173, 175}
485	71	0.0	{43, 46, 50, 53, 54, 56, 57, 60, 61, 62, 63, 65, 66, 73, 75, 83, 86, 87, 88, 89, 90, 91, 92, 94, 95, 96, 97, 98, 99, 100, 101, 102, 104, 105, 113, 115, 121, 122, 135, 139, 140, 141, 142, 143, 146, 148, 152, 153, 156, 157, 158, 159, 162, 163, 164, 169, 182, 183, 186, 193, 194, 204, 205, 207, 208, 209, 210, 212, 217, 234, 256}
486	72	0.0	{24, 43, 46, 50, 53, 54, 56, 57, 60, 61, 62, 63, 65, 66, 73, 75, 83, 86, 87, 88, 89, 90, 91, 92, 94, 95, 96, 97, 98, 99, 100, 101, 102, 104, 105, 113, 115, 121, 122, 135, 139, 140, 141, 142, 143, 146, 148, 152, 153, 156, 157, 158, 159, 162, 163, 164, 169, 182, 183, 186, 193, 194, 204, 205, 207, 208, 209, 210, 212, 217, 234, 256}
487	3	0.333295	{85, 198, 217}
488	4	0.0	{37, 85, 198, 217}
489	2	0.994655	{198, 217}
490	3	0.99954	{200, 202, 272}
491	2	0.101205	{34, 44}
492	6	0.0	{24, 28, 37, 85, 198, 217}
493	6	0.0	{28, 37, 71, 85, 198, 217}
494	5	0.0	{28, 37, 85, 198, 217}
495	3	0.565605	{28, 198, 217}
496	82	0.184275	{43, 46, 49, 50, 53, 54, 56, 57, 60, 61, 62, 63, 65, 66, 73, 75, 83, 86, 87, 88, 89, 90, 91, 92, 94, 95, 96, 97, 98, 99, 100, 101, 102, 104, 105, 113, 115, 119, 121, 122, 125, 135, 139, 140, 141, 142, 143, 146, 148, 152, 153, 156, 157, 158, 159, 162, 163, 164, 169, 180, 182, 183, 186, 193, 194, 204, 205, 207, 208, 209, 210, 211, 212, 221, 231, 232, 234, 242, 246, 250, 256, 261}
497	117	0.12703	{40, 43, 46, 48, 50, 53, 54, 56, 57, 60, 61, 62, 63, 65, 66, 73, 75, 76, 83, 84, 86, 87, 88, 89, 90, 91, 92, 94, 95, 96, 97, 98, 99, 100, 101, 102, 104, 105, 106, 107, 111, 112, 113, 115, 121, 122, 130, 131, 132, 133, 134, 135, 136, 137, 139, 140, 141, 142, 143, 146, 148, 150, 152, 153, 156, 157, 158, 159, 160, 162, 163, 164, 169, 179, 182, 183, 184, 186, 193, 194, 197, 203, 204, 205, 206, 207, 208, 209, 210, 212, 214, 215, 216, 222, 227, 234, 241, 243, 245, 248, 251, 256, 257, 259, 260, 262, 263, 264, 266, 267, 268, 269, 270, 271, 274, 275, 276}
498	15	0.165805	{135, 148, 152, 153, 156, 157, 158, 159, 162, 163, 186, 205, 212, 234, 256}
499	14	0.986895	{148, 152, 153, 156, 157, 158, 159, 162, 163, 186, 205, 212, 234, 256}
500	13	0.998305	{152, 153, 156, 157, 158, 159, 162, 163, 186, 205, 212, 234, 256}
501	20	0.139585	{135, 148, 152, 153, 156, 157, 158, 159, 162, 163, 164, 169, 182, 186, 193, 194, 205, 212, 234, 256}
502	19	0.194915	{148, 152, 153, 156, 157, 158, 159, 162, 163, 164, 169, 182, 186, 193, 194, 205, 212, 234, 256}
503	16	0.15818	{135, 139, 148, 152, 153, 156, 157, 158, 159, 162, 163, 186, 205, 212, 234, 256}
504	30	0.999645	{86, 89, 95, 96, 97, 100, 104, 113, 115, 135, 139, 148, 152, 153, 156, 157, 158, 159, 162, 163, 164, 169, 182, 186, 193, 194, 205, 212, 234, 256}
505	29	0.15173	{89, 95, 96, 97, 100, 104, 113, 115, 135, 139, 148, 152, 153, 156, 157, 158, 159, 162, 163, 164, 169, 182, 186, 193, 194, 205, 212, 234, 256}
506	15	0.18513	{139, 148, 152, 153, 156, 157, 158, 159, 162, 163, 186, 205, 212, 234, 256}
507	29	0.11672	{86, 89, 95, 96, 97, 100, 113, 115, 135, 139, 148, 152, 153, 156, 157, 158, 159, 162, 163, 164, 169, 182, 186, 193, 194, 205, 212, 234, 256}
508	21	1.0	{135, 139, 148, 152, 153, 156, 157, 158, 159, 162, 163, 164, 169, 182, 186, 193, 194, 205, 212, 234, 256}
509	20	0.196705	{139, 148, 152, 153, 156, 157, 158, 159, 162, 163, 164, 169, 182, 186, 193, 194, 205, 212, 234, 256}
510	8	0.281115	{145, 149, 200, 202, 219, 220, 230, 272}
511	21	0.251015	{72, 78, 81, 117, 118, 120, 126, 127, 128, 129, 138, 144, 145, 147, 149, 200, 202, 219, 220, 230, 272}
512	22	0.894105	{68, 72, 78, 81, 117, 118, 120, 126, 127, 128, 129, 138, 144, 145, 147, 149, 200, 202, 219, 220, 230, 272}
513	20	0.148385	{78, 81, 117, 118, 120, 126, 127, 128, 129, 138, 144, 145, 147, 149, 200, 202, 219, 220, 230, 272}
514	21	0.12988	{68, 78, 81, 117, 118, 120, 126, 127, 128, 129, 138, 144, 145, 147, 149, 200, 202, 219, 220, 230, 272}
515	6	0.999505	{162, 163, 186, 205, 212, 256}
516	135	0.12757	{26, 29, 30, 40, 43, 46, 48, 49, 50, 53, 54, 56, 57, 58, 60, 61, 62, 63, 64, 65, 66, 73, 75, 76, 79, 83, 84, 86, 87, 88, 89, 90, 91, 92, 94, 95, 96, 97, 98, 99, 100, 101, 102, 104, 105, 106, 107, 111, 112, 113, 115, 119, 121, 122, 125, 130, 131, 132, 133, 134, 135, 136, 137, 139, 140, 141, 142, 143, 146, 148, 150, 152, 153, 156, 157, 158, 159, 160, 162, 163, 164, 169, 179, 180, 182, 183, 184, 186, 193, 194, 197, 203, 204, 205, 206, 207, 208, 209, 210, 211, 212, 214, 215, 216, 221, 222, 227, 231, 232, 234, 241, 242, 243, 245, 246, 248, 250, 251, 256, 257, 259, 260, 261, 262, 263, 264, 266, 267, 268, 269, 270, 271, 274, 275, 276}
517	137	0.13431	{24, 26, 29, 30, 40, 43, 46, 48, 49, 50, 53, 54, 56, 57, 58, 60, 61, 62, 63, 64, 65, 66, 71, 73, 75, 76, 79, 83, 84, 86, 87, 88, 89, 90, 91, 92, 94, 95, 96, 97, 98, 99, 100, 101, 102, 104, 105, 106, 107, 111, 112, 113, 115, 119, 121, 122, 125, 130, 131, 132, 133, 134, 135, 136, 137, 139, 140, 141, 142, 143, 146, 148, 150, 152, 153, 156, 157, 158, 159, 160, 162, 163, 164, 169, 179, 180, 182, 183, 184, 186, 193, 194, 197, 203, 204, 205, 206, 207, 208, 209, 210, 211, 212, 214, 215, 216, 221, 222, 227, 231, 232, 234, 241, 242, 243, 245, 246, 248, 250, 251, 256, 257, 259, 260, 261, 262, 263, 264, 266, 267, 268, 269, 270, 271, 274, 275, 276}
518	136	0.21913	{24, 26, 29, 30, 40, 43, 46, 48, 49, 50, 53, 54, 56, 57, 58, 60, 61, 62, 63, 64, 65, 66, 73, 75, 76, 79, 83, 84, 86, 87, 88, 89, 90, 91, 92, 94, 95, 96, 97, 98, 99, 100, 101, 102, 104, 105, 106, 107, 111, 112, 113, 115, 119, 121, 122, 125, 130, 131, 132, 133, 134, 135, 136, 137, 139, 140, 141, 142, 143, 146, 148, 150, 152, 153, 156, 157, 158, 159, 160, 162, 163, 164, 169, 179, 180, 182, 183, 184, 186, 193, 194, 197, 203, 204, 205, 206, 207, 208, 209, 210, 211, 212, 214, 215, 216, 221, 222, 227, 231, 232, 234, 241, 242, 243, 245, 246, 248, 250, 251, 256, 257, 259, 260, 261, 262, 263, 264, 266, 267, 268, 269, 270, 271, 274, 275, 276}
519	5	0.31069	{120, 126, 200, 202, 272}
520	76	0.11527	{26, 29, 30, 43, 46, 50, 53, 54, 56, 57, 58, 60, 61, 62, 63, 64, 65, 66, 73, 75, 79, 83, 86, 87, 88, 89, 90, 91, 92, 94, 95, 96, 97, 98, 99, 100, 101, 102, 104, 105, 113, 115, 121, 122, 135, 139, 140, 141, 142, 143, 146, 148, 152, 153, 156, 157, 158, 159, 162, 163, 164, 169, 182, 183, 186, 193, 194, 204, 205, 207, 208, 209, 210, 212, 234, 256}
521	7	0.151425	{162, 163, 186, 205, 212, 234, 256}
522	13	0.113925	{117, 118, 120, 126, 127, 128, 129, 138, 144, 147, 200, 202, 272}
523	67	0.999995	{50, 54, 56, 57, 60, 61, 62, 63, 65, 66, 73, 75, 83, 86, 87, 88, 89, 90, 91, 92, 94, 95, 96, 97, 98, 99, 100, 101, 102, 104, 105, 113, 115, 121, 122, 135, 139, 140, 141, 142, 143, 146, 148, 152, 153, 156, 157, 158, 159, 162, 163, 164, 169, 182, 183, 186, 193, 194, 204, 205, 207, 208, 209, 210, 212, 234, 256}
524	51	1.0	{73, 86, 88, 89, 90, 91, 92, 95, 96, 97, 98, 99, 100, 101, 102, 104, 113, 115, 121, 122, 135, 139, 140, 141, 142, 143, 148, 152, 153, 156, 157, 158, 159, 162, 163, 164, 169, 182, 183, 186, 193, 194, 204, 205, 207, 208, 209, 210, 212, 234, 256}
525	50	1.0	{86, 88, 89, 90, 91, 92, 95, 96, 97, 98, 99, 100, 101, 102, 104, 113, 115, 121, 122, 135, 139, 140, 141, 142, 143, 148, 152, 153, 156, 157, 158, 159, 162, 163, 164, 169, 182, 183, 186, 193, 194, 204, 205, 207, 208, 209, 210, 212, 234, 256}
526	129	0.10641	{40, 43, 46, 48, 49, 50, 53, 54, 56, 57, 60, 61, 62, 63, 65, 66, 73, 75, 76, 83, 84, 86, 87, 88, 89, 90, 91, 92, 94, 95, 96, 97, 98, 99, 100, 101, 102, 104, 105, 106, 107, 111, 112, 113, 115, 119, 121, 122, 125, 130, 131, 132, 133, 134, 135, 136, 137, 139, 140, 141, 142, 143, 146, 148, 150, 152, 153, 156, 157, 158, 159, 160, 162, 163, 164, 169, 179, 180, 182, 183, 184, 186, 193, 194, 197, 203, 204, 205, 206, 207, 208, 209, 210, 211, 212, 214, 215, 216, 221, 222, 227, 231, 232, 234, 241, 242, 243, 245, 246, 248, 250, 251, 256, 257, 259, 260, 261, 262, 263, 264, 266, 267, 268, 269, 270, 271, 274, 275, 276}
527	25	0.898785	{31, 32, 44, 68, 72, 78, 81, 117, 118, 120, 126, 127, 128, 129, 138, 144, 145, 147, 149, 200, 202, 219, 220, 230, 272}
528	10	0.36775	{120, 126, 145, 149, 200, 202, 219, 220, 230, 272}
529	70	1.0	{43, 46, 50, 53, 54, 56, 57, 60, 61, 62, 63, 65, 66, 73, 75, 83, 86, 87, 88, 89, 90, 91, 92, 94, 95, 96, 97, 98, 99, 100, 101, 102, 104, 105, 113, 115, 121, 122, 135, 139, 140, 141, 142, 143, 146, 148, 152, 153, 156, 157, 158, 159, 162, 163, 164, 169, 182, 183, 186, 193, 194, 204, 205, 207, 208, 209, 210, 212, 234, 256}
530	19	0.16322	{72, 117, 118, 120, 126, 127, 128, 129, 138, 144, 145, 147, 149, 200, 202, 219, 220, 230, 272}
531	24	0.91657	{31, 32, 68, 72, 78, 81, 117, 118, 120, 126, 127, 128, 129, 138, 144, 145, 147, 149, 200, 202, 219, 220, 230, 272}
532	20	0.139005	{68, 72, 117, 118, 120, 126, 127, 128, 129, 138, 144, 145, 147, 149, 200, 202, 219, 220, 230, 272}
533	18	0.316445	{117, 118, 120, 126, 127, 128, 129, 138, 144, 145, 147, 149, 200, 202, 219, 220, 230, 272}
534	2	0.039005	{178, 229}
535	4	0.051025	{178, 196, 228, 229}
536	2	0.0	{85, 180}
537	3	0.0	{71, 85, 180}
538	2	0.0	{71, 180}
539	2	0.0	{104, 198}
540	180	0.99684	{0, 10, 12, 13, 19, 24, 26, 28, 29, 30, 31, 32, 34, 37, 40, 43, 44, 46, 48, 49, 50, 53, 54, 56, 57, 58, 60, 61, 62, 63, 64, 65, 66, 68, 71, 72, 73, 75, 76, 78, 79, 81, 83, 84, 85, 86, 87, 88, 89, 90, 91, 92, 94, 95, 96, 97, 98, 99, 100, 101, 102, 104, 105, 106, 107, 111, 112, 113, 115, 117, 118, 119, 120, 121, 122, 125, 126, 127, 128, 129, 130, 131, 132, 133, 134, 135, 136, 137, 138, 139, 140, 141, 142, 143, 144, 145, 146, 147, 148, 149, 150, 152, 153, 156, 157, 158, 159, 160, 162, 163, 164, 169, 172, 179, 180, 182, 183, 184, 186, 193, 194, 197, 198, 200, 202, 203, 204, 205, 206, 207, 208, 209, 210, 211, 212, 214, 215, 216, 217, 219, 220, 221, 222, 227, 230, 231, 232, 234, 241, 242, 243, 245, 246, 248, 250, 251, 256, 257, 259, 260, 261, 262, 263, 264, 266, 267, 268, 269, 270, 271, 272, 274, 275, 276, 278, 280, 281, 282, 286, 288}
541	84	0.0	{43, 46, 49, 50, 53, 54, 56, 57, 60, 61, 62, 63, 65, 66, 73, 75, 83, 86, 87, 88, 89, 90, 91, 92, 94, 95, 96, 97, 98, 99, 100, 101, 102, 104, 105, 113, 115, 119, 121, 122, 125, 135, 139, 140, 141, 142, 143, 146, 148, 152, 153, 156, 157, 158, 159, 162, 163, 164, 169, 180, 182, 183, 186, 193, 194, 198, 204, 205, 207, 208, 209, 210, 211, 212, 217, 221, 231, 232, 234, 242, 246, 250, 256, 261}
542	3	0.580145	{37, 85, 172}
543	2	1.0	{37, 172}
544	119	0.0	{40, 43, 46, 48, 50, 53, 54, 56, 57, 60, 61, 62, 63, 65, 66, 73, 75, 76, 83, 84, 86, 87, 88, 89, 90, 91, 92, 94, 95, 96, 97, 98, 99, 100, 101, 102, 104, 105, 106, 107, 111, 112, 113, 115, 121, 122, 130, 131, 132, 133, 134, 135, 136, 137, 139, 140, 141, 142, 143, 146, 148, 150, 152, 153, 156, 157, 158, 159, 160, 162, 163, 164, 169, 179, 182, 183, 184, 186, 193, 194, 197, 198, 203, 204, 205, 206, 207, 208, 209, 210, 212, 214, 215, 216, 217, 222, 227, 234, 241, 243, 245, 248, 251, 256, 257, 259, 260, 262, 263, 264, 266, 267, 268, 269, 270, 271, 274, 275, 276}
545	5	0.0	{37, 71, 85, 172, 180}
546	4	6.8E-4	{37, 71, 85, 172}
547	3	1.55E-4	{37, 71, 172}
548	170	0.99943	{24, 26, 28, 29, 30, 31, 32, 34, 37, 40, 43, 44, 46, 48, 49, 50, 53, 54, 56, 57, 58, 60, 61, 62, 63, 64, 65, 66, 68, 71, 72, 73, 75, 76, 78, 79, 81, 83, 84, 85, 86, 87, 88, 89, 90, 91, 92, 94, 95, 96, 97, 98, 99, 100, 101, 102, 104, 105, 106, 107, 111, 112, 113, 115, 117, 118, 119, 120, 121, 122, 125, 126, 127, 128, 129, 130, 131, 132, 133, 134, 135, 136, 137, 138, 139, 140, 141, 142, 143, 144, 145, 146, 147, 148, 149, 150, 152, 153, 156, 157, 158, 159, 160, 162, 163, 164, 169, 172, 179, 180, 182, 183, 184, 186, 193, 194, 197, 198, 200, 202, 203, 204, 205, 206, 207, 208, 209, 210, 211, 212, 214, 215, 216, 217, 219, 220, 221, 222, 227, 230, 231, 232, 234, 241, 242, 243, 245, 246, 248, 250, 251, 256, 257, 259, 260, 261, 262, 263, 264, 266, 267, 268, 269, 270, 271, 272, 274, 275, 276, 288}
549	169	1.0	{24, 26, 28, 29, 30, 31, 32, 34, 37, 40, 43, 44, 46, 48, 49, 50, 53, 54, 56, 57, 58, 60, 61, 62, 63, 64, 65, 66, 68, 71, 72, 73, 75, 76, 78, 79, 81, 83, 84, 85, 86, 87, 88, 89, 90, 91, 92, 94, 95, 96, 97, 98, 99, 100, 101, 102, 104, 105, 106, 107, 111, 112, 113, 115, 117, 118, 119, 120, 121, 122, 125, 126, 127, 128, 129, 130, 131, 132, 133, 134, 135, 136, 137, 138, 139, 140, 141, 142, 143, 144, 145, 146, 147, 148, 149, 150, 152, 153, 156, 157, 158, 159, 160, 162, 163, 164, 169, 172, 179, 180, 182, 183, 184, 186, 193, 194, 197, 198, 200, 202, 203, 204, 205, 206, 207, 208, 209, 210, 211, 212, 214, 215, 216, 217, 219, 220, 221, 222, 227, 230, 231, 232, 234, 241, 242, 243, 245, 246, 248, 250, 251, 256, 257, 259, 260, 261, 262, 263, 264, 266, 267, 268, 269, 270, 271, 272, 274, 275, 276}
550	32	0.0	{86, 89, 95, 96, 97, 100, 104, 113, 115, 135, 139, 148, 152, 153, 156, 157, 158, 159, 162, 163, 164, 169, 182, 186, 193, 194, 198, 205, 212, 217, 234, 256}
551	31	0.0	{89, 95, 96, 97, 100, 104, 113, 115, 135, 139, 148, 152, 153, 156, 157, 158, 159, 162, 163, 164, 169, 182, 186, 193, 194, 198, 205, 212, 217, 234, 256}
552	179	1.0	{0, 10, 12, 13, 19, 24, 26, 28, 29, 30, 31, 32, 34, 37, 40, 43, 44, 46, 48, 49, 50, 53, 54, 56, 57, 58, 60, 61, 62, 63, 64, 65, 66, 68, 71, 72, 73, 75, 76, 78, 79, 81, 83, 84, 85, 86, 87, 88, 89, 90, 91, 92, 94, 95, 96, 97, 98, 99, 100, 101, 102, 104, 105, 106, 107, 111, 112, 113, 115, 117, 118, 119, 120, 121, 122, 125, 126, 127, 128, 129, 130, 131, 132, 133, 134, 135, 136, 137, 138, 139, 140, 141, 142, 143, 144, 145, 146, 147, 148, 149, 150, 152, 153, 156, 157, 158, 159, 160, 162, 163, 164, 169, 172, 179, 180, 182, 183, 184, 186, 193, 194, 197, 198, 200, 202, 203, 204, 205, 206, 207, 208, 209, 210, 211, 212, 214, 215, 216, 217, 219, 220, 221, 222, 227, 230, 231, 232, 234, 241, 242, 243, 245, 246, 248, 250, 251, 256, 257, 259, 260, 261, 262, 263, 264, 266, 267, 268, 269, 270, 271, 272, 274, 275, 276, 278, 280, 281, 282, 288}
553	171	0.399195	{24, 26, 28, 29, 30, 31, 32, 34, 37, 40, 43, 44, 46, 48, 49, 50, 53, 54, 56, 57, 58, 60, 61, 62, 63, 64, 65, 66, 68, 71, 72, 73, 75, 76, 78, 79, 81, 83, 84, 85, 86, 87, 88, 89, 90, 91, 92, 94, 95, 96, 97, 98, 99, 100, 101, 102, 104, 105, 106, 107, 111, 112, 113, 115, 117, 118, 119, 120, 121, 122, 125, 126, 127, 128, 129, 130, 131, 132, 133, 134, 135, 136, 137, 138, 139, 140, 141, 142, 143, 144, 145, 146, 147, 148, 149, 150, 152, 153, 156, 157, 158, 159, 160, 162, 163, 164, 169, 172, 179, 180, 182, 183, 184, 186, 193, 194, 197, 198, 200, 202, 203, 204, 205, 206, 207, 208, 209, 210, 211, 212, 214, 215, 216, 217, 219, 220, 221, 222, 227, 230, 231, 232, 234, 241, 242, 243, 245, 246, 248, 250, 251, 256, 257, 259, 260, 261, 262, 263, 264, 266, 267, 268, 269, 270, 271, 272, 274, 275, 276, 282, 288}
554	178	0.25786	{0, 10, 12, 13, 19, 24, 26, 28, 29, 30, 31, 32, 34, 37, 40, 43, 44, 46, 48, 49, 50, 53, 54, 56, 57, 58, 60, 61, 62, 63, 64, 65, 66, 68, 71, 72, 73, 75, 76, 78, 79, 81, 83, 84, 85, 86, 87, 88, 89, 90, 91, 92, 94, 95, 96, 97, 98, 99, 100, 101, 102, 104, 105, 106, 107, 111, 112, 113, 115, 117, 118, 119, 120, 121, 122, 125, 126, 127, 128, 129, 130, 131, 132, 133, 134, 135, 136, 137, 138, 139, 140, 141, 142, 143, 144, 145, 146, 147, 148, 149, 150, 152, 153, 156, 157, 158, 159, 160, 162, 163, 164, 169, 172, 179, 180, 182, 183, 184, 186, 193, 194, 197, 198, 200, 202, 203, 204, 205, 206, 207, 208, 209, 210, 211, 212, 214, 215, 216, 217, 219, 220, 221, 222, 227, 230, 231, 232, 234, 241, 242, 243, 245, 246, 248, 250, 251, 256, 257, 259, 260, 261, 262, 263, 264, 266, 267, 268, 269, 270, 271, 272, 274, 275, 276, 278, 280, 281, 288}
555	138	0.0	{24, 26, 29, 30, 40, 43, 46, 48, 49, 50, 53, 54, 56, 57, 58, 60, 61, 62, 63, 64, 65, 66, 73, 75, 76, 79, 83, 84, 86, 87, 88, 89, 90, 91, 92, 94, 95, 96, 97, 98, 99, 100, 101, 102, 104, 105, 106, 107, 111, 112, 113, 115, 119, 121, 122, 125, 130, 131, 132, 133, 134, 135, 136, 137, 139, 140, 141, 142, 143, 146, 148, 150, 152, 153, 156, 157, 158, 159, 160, 162, 163, 164, 169, 179, 180, 182, 183, 184, 186, 193, 194, 197, 198, 203, 204, 205, 206, 207, 208, 209, 210, 211, 212, 214, 215, 216, 217, 221, 222, 227, 231, 232, 234, 241, 242, 243, 245, 246, 248, 250, 251, 256, 257, 259, 260, 261, 262, 263, 264, 266, 267, 268, 269, 270, 271, 274, 275, 276}
556	78	0.0	{26, 29, 30, 43, 46, 50, 53, 54, 56, 57, 58, 60, 61, 62, 63, 64, 65, 66, 73, 75, 79, 83, 86, 87, 88, 89, 90, 91, 92, 94, 95, 96, 97, 98, 99, 100, 101, 102, 104, 105, 113, 115, 121, 122, 135, 139, 140, 141, 142, 143, 146, 148, 152, 153, 156, 157, 158, 159, 162, 163, 164, 169, 182, 183, 186, 193, 194, 198, 204, 205, 207, 208, 209, 210, 212, 217, 234, 256}
557	143	1.0	{24, 26, 28, 29, 30, 37, 40, 43, 46, 48, 49, 50, 53, 54, 56, 57, 58, 60, 61, 62, 63, 64, 65, 66, 71, 73, 75, 76, 79, 83, 84, 85, 86, 87, 88, 89, 90, 91, 92, 94, 95, 96, 97, 98, 99, 100, 101, 102, 104, 105, 106, 107, 111, 112, 113, 115, 119, 121, 122, 125, 130, 131, 132, 133, 134, 135, 136, 137, 139, 140, 141, 142, 143, 146, 148, 150, 152, 153, 156, 157, 158, 159, 160, 162, 163, 164, 169, 172, 179, 180, 182, 183, 184, 186, 193, 194, 197, 198, 203, 204, 205, 206, 207, 208, 209, 210, 211, 212, 214, 215, 216, 217, 221, 222, 227, 231, 232, 234, 241, 242, 243, 245, 246, 248, 250, 251, 256, 257, 259, 260, 261, 262, 263, 264, 266, 267, 268, 269, 270, 271, 274, 275, 276}
558	141	0.0	{26, 29, 30, 37, 40, 43, 46, 48, 49, 50, 53, 54, 56, 57, 58, 60, 61, 62, 63, 64, 65, 66, 71, 73, 75, 76, 79, 83, 84, 85, 86, 87, 88, 89, 90, 91, 92, 94, 95, 96, 97, 98, 99, 100, 101, 102, 104, 105, 106, 107, 111, 112, 113, 115, 119, 121, 122, 125, 130, 131, 132, 133, 134, 135, 136, 137, 139, 140, 141, 142, 143, 146, 148, 150, 152, 153, 156, 157, 158, 159, 160, 162, 163, 164, 169, 172, 179, 180, 182, 183, 184, 186, 193, 194, 197, 198, 203, 204, 205, 206, 207, 208, 209, 210, 211, 212, 214, 215, 216, 217, 221, 222, 227, 231, 232, 234, 241, 242, 243, 245, 246, 248, 250, 251, 256, 257, 259, 260, 261, 262, 263, 264, 266, 267, 268, 269, 270, 271, 274, 275, 276}
559	142	0.0	{24, 26, 29, 30, 37, 40, 43, 46, 48, 49, 50, 53, 54, 56, 57, 58, 60, 61, 62, 63, 64, 65, 66, 71, 73, 75, 76, 79, 83, 84, 85, 86, 87, 88, 89, 90, 91, 92, 94, 95, 96, 97, 98, 99, 100, 101, 102, 104, 105, 106, 107, 111, 112, 113, 115, 119, 121, 122, 125, 130, 131, 132, 133, 134, 135, 136, 137, 139, 140, 141, 142, 143, 146, 148, 150, 152, 153, 156, 157, 158, 159, 160, 162, 163, 164, 169, 172, 179, 180, 182, 183, 184, 186, 193, 194, 197, 198, 203, 204, 205, 206, 207, 208, 209, 210, 211, 212, 214, 215, 216, 217, 221, 222, 227, 231, 232, 234, 241, 242, 243, 245, 246, 248, 250, 251, 256, 257, 259, 260, 261, 262, 263, 264, 266, 267, 268, 269, 270, 271, 274, 275, 276}
560	69	0.0	{50, 54, 56, 57, 60, 61, 62, 63, 65, 66, 73, 75, 83, 86, 87, 88, 89, 90, 91, 92, 94, 95, 96, 97, 98, 99, 100, 101, 102, 104, 105, 113, 115, 121, 122, 135, 139, 140, 141, 142, 143, 146, 148, 152, 153, 156, 157, 158, 159, 162, 163, 164, 169, 182, 183, 186, 193, 194, 198, 204, 205, 207, 208, 209, 210, 212, 217, 234, 256}
561	53	0.0	{73, 86, 88, 89, 90, 91, 92, 95, 96, 97, 98, 99, 100, 101, 102, 104, 113, 115, 121, 122, 135, 139, 140, 141, 142, 143, 148, 152, 153, 156, 157, 158, 159, 162, 163, 164, 169, 182, 183, 186, 193, 194, 198, 204, 205, 207, 208, 209, 210, 212, 217, 234, 256}
562	136	0.0	{24, 37, 40, 43, 46, 48, 49, 50, 53, 54, 56, 57, 60, 61, 62, 63, 65, 66, 71, 73, 75, 76, 83, 84, 85, 86, 87, 88, 89, 90, 91, 92, 94, 95, 96, 97, 98, 99, 100, 101, 102, 104, 105, 106, 107, 111, 112, 113, 115, 119, 121, 122, 125, 130, 131, 132, 133, 134, 135, 136, 137, 139, 140, 141, 142, 143, 146, 148, 150, 152, 153, 156, 157, 158, 159, 160, 162, 163, 164, 169, 172, 179, 180, 182, 183, 184, 186, 193, 194, 197, 198, 203, 204, 205, 206, 207, 208, 209, 210, 211, 212, 214, 215, 216, 217, 221, 222, 227, 231, 232, 234, 241, 242, 243, 245, 246, 248, 250, 251, 256, 257, 259, 260, 261, 262, 263, 264, 266, 267, 268, 269, 270, 271, 274, 275, 276}
563	52	0.0	{86, 88, 89, 90, 91, 92, 95, 96, 97, 98, 99, 100, 101, 102, 104, 113, 115, 121, 122, 135, 139, 140, 141, 142, 143, 148, 152, 153, 156, 157, 158, 159, 162, 163, 164, 169, 182, 183, 186, 193, 194, 198, 204, 205, 207, 208, 209, 210, 212, 217, 234, 256}
564	16	3.5E-5	{37, 49, 71, 85, 119, 125, 172, 180, 211, 221, 231, 232, 242, 246, 250, 261}
565	73	0.0	{24, 43, 46, 50, 53, 54, 56, 57, 60, 61, 62, 63, 65, 66, 73, 75, 83, 86, 87, 88, 89, 90, 91, 92, 94, 95, 96, 97, 98, 99, 100, 101, 102, 104, 105, 113, 115, 121, 122, 135, 139, 140, 141, 142, 143, 146, 148, 152, 153, 156, 157, 158, 159, 162, 163, 164, 169, 182, 183, 186, 193, 194, 198, 204, 205, 207, 208, 209, 210, 212, 217, 234, 256}
566	72	0.0	{43, 46, 50, 53, 54, 56, 57, 60, 61, 62, 63, 65, 66, 73, 75, 83, 86, 87, 88, 89, 90, 91, 92, 94, 95, 96, 97, 98, 99, 100, 101, 102, 104, 105, 113, 115, 121, 122, 135, 139, 140, 141, 142, 143, 146, 148, 152, 153, 156, 157, 158, 159, 162, 163, 164, 169, 182, 183, 186, 193, 194, 198, 204, 205, 207, 208, 209, 210, 212, 217, 234, 256}
567	2	0.40915	{103, 244}
568	3	0.539995	{103, 109, 244}
569	24	0.037225	{77, 93, 110, 124, 151, 178, 195, 196, 223, 224, 225, 228, 229, 237, 238, 239, 240, 252, 253, 254, 255, 258, 265, 273}
570	35	0.038835	{51, 77, 93, 108, 110, 116, 124, 151, 171, 173, 174, 175, 178, 181, 195, 196, 201, 213, 223, 224, 225, 228, 229, 237, 238, 239, 240, 249, 252, 253, 254, 255, 258, 265, 273}
571	4	0.406175	{110, 196, 228, 229}
572	3	0.861185	{196, 228, 229}
573	4	0.191955	{103, 196, 228, 229}
574	5	0.334825	{103, 110, 196, 228, 229}
575	2	0.70407	{59, 178}
576	142	0.26777	{24, 26, 28, 29, 30, 37, 40, 43, 46, 48, 49, 50, 53, 54, 56, 57, 58, 60, 61, 62, 63, 64, 65, 66, 73, 75, 76, 79, 83, 84, 85, 86, 87, 88, 89, 90, 91, 92, 94, 95, 96, 97, 98, 99, 100, 101, 102, 104, 105, 106, 107, 111, 112, 113, 115, 119, 121, 122, 125, 130, 131, 132, 133, 134, 135, 136, 137, 139, 140, 141, 142, 143, 146, 148, 150, 152, 153, 156, 157, 158, 159, 160, 162, 163, 164, 169, 172, 179, 180, 182, 183, 184, 186, 193, 194, 197, 198, 203, 204, 205, 206, 207, 208, 209, 210, 211, 212, 214, 215, 216, 217, 221, 222, 227, 231, 232, 234, 241, 242, 243, 245, 246, 248, 250, 251, 256, 257, 259, 260, 261, 262, 263, 264, 266, 267, 268, 269, 270, 271, 274, 275, 276}
577	7	0.32888	{28, 37, 71, 85, 172, 198, 217}
578	7	0.10365	{24, 28, 37, 85, 172, 198, 217}
579	6	0.977055	{28, 37, 85, 172, 198, 217}
580	5	0.41436	{37, 85, 172, 198, 217}
581	4	0.305685	{59, 109, 178, 244}
582	5	0.44916	{59, 103, 109, 178, 244}
583	24	0.33991	{77, 93, 103, 110, 124, 151, 195, 196, 223, 224, 225, 228, 229, 237, 238, 239, 240, 252, 253, 254, 255, 258, 265, 273}
584	23	0.489845	{77, 93, 110, 124, 151, 195, 196, 223, 224, 225, 228, 229, 237, 238, 239, 240, 252, 253, 254, 255, 258, 265, 273}
585	35	0.35423	{51, 77, 93, 103, 108, 110, 116, 124, 151, 171, 173, 174, 175, 181, 195, 196, 201, 213, 223, 224, 225, 228, 229, 237, 238, 239, 240, 249, 252, 253, 254, 255, 258, 265, 273}
586	36	0.294295	{51, 52, 77, 93, 103, 108, 110, 116, 124, 151, 171, 173, 174, 175, 181, 195, 196, 201, 213, 223, 224, 225, 228, 229, 237, 238, 239, 240, 249, 252, 253, 254, 255, 258, 265, 273}
587	34	0.507735	{51, 77, 93, 108, 110, 116, 124, 151, 171, 173, 174, 175, 181, 195, 196, 201, 213, 223, 224, 225, 228, 229, 237, 238, 239, 240, 249, 252, 253, 254, 255, 258, 265, 273}
588	35	0.37688	{51, 52, 77, 93, 108, 110, 116, 124, 151, 171, 173, 174, 175, 181, 195, 196, 201, 213, 223, 224, 225, 228, 229, 237, 238, 239, 240, 249, 252, 253, 254, 255, 258, 265, 273}
589	7	0.0	{119, 211, 231, 232, 242, 246, 261}
590	56	0.0	{40, 48, 49, 76, 84, 106, 107, 111, 112, 119, 125, 130, 131, 132, 133, 134, 136, 137, 150, 160, 179, 184, 197, 203, 206, 211, 214, 215, 216, 222, 227, 231, 232, 241, 242, 243, 245, 246, 248, 251, 257, 259, 260, 261, 262, 263, 264, 266, 267, 268, 269, 270, 271, 274, 275, 276}
591	3	0.0	{37, 85, 180}
592	4	0.0	{37, 71, 85, 180}
593	3	0.0	{37, 71, 85}
594	4	0.0	{28, 198, 221, 250}
595	2	0.0	{37, 71}
596	138	0.0	{24, 26, 29, 30, 37, 40, 43, 46, 48, 49, 50, 53, 54, 56, 57, 58, 60, 61, 62, 63, 64, 65, 66, 71, 73, 75, 76, 79, 83, 84, 85, 86, 87, 88, 89, 90, 91, 92, 94, 95, 96, 97, 98, 99, 100, 101, 102, 104, 105, 106, 107, 111, 112, 113, 115, 119, 121, 122, 125, 130, 131, 132, 133, 134, 135, 136, 137, 139, 140, 141, 142, 143, 146, 148, 150, 152, 153, 156, 157, 158, 159, 160, 162, 163, 164, 169, 179, 180, 182, 183, 184, 186, 193, 194, 197, 203, 204, 205, 206, 207, 208, 209, 210, 211, 212, 214, 215, 216, 217, 222, 227, 231, 232, 234, 241, 242, 243, 245, 246, 248, 251, 256, 257, 259, 260, 261, 262, 263, 264, 266, 267, 268, 269, 270, 271, 274, 275, 276}
597	133	0.0	{26, 29, 30, 40, 43, 46, 48, 49, 50, 53, 54, 56, 57, 58, 60, 61, 62, 63, 64, 65, 66, 73, 75, 76, 79, 83, 84, 86, 87, 88, 89, 90, 91, 92, 94, 95, 96, 97, 98, 99, 100, 101, 102, 104, 105, 106, 107, 111, 112, 113, 115, 119, 121, 122, 125, 130, 131, 132, 133, 134, 135, 136, 137, 139, 140, 141, 142, 143, 146, 148, 150, 152, 153, 156, 157, 158, 159, 160, 162, 163, 164, 169, 179, 182, 183, 184, 186, 193, 194, 197, 203, 204, 205, 206, 207, 208, 209, 210, 211, 212, 214, 215, 216, 217, 222, 227, 231, 232, 234, 241, 242, 243, 245, 246, 248, 251, 256, 257, 259, 260, 261, 262, 263, 264, 266, 267, 268, 269, 270, 271, 274, 275, 276}
598	135	0.0	{24, 26, 29, 30, 40, 43, 46, 48, 49, 50, 53, 54, 56, 57, 58, 60, 61, 62, 63, 64, 65, 66, 73, 75, 76, 79, 83, 84, 86, 87, 88, 89, 90, 91, 92, 94, 95, 96, 97, 98, 99, 100, 101, 102, 104, 105, 106, 107, 111, 112, 113, 115, 119, 121, 122, 125, 130, 131, 132, 133, 134, 135, 136, 137, 139, 140, 141, 142, 143, 146, 148, 150, 152, 153, 156, 157, 158, 159, 160, 162, 163, 164, 169, 179, 180, 182, 183, 184, 186, 193, 194, 197, 203, 204, 205, 206, 207, 208, 209, 210, 211, 212, 214, 215, 216, 217, 222, 227, 231, 232, 234, 241, 242, 243, 245, 246, 248, 251, 256, 257, 259, 260, 261, 262, 263, 264, 266, 267, 268, 269, 270, 271, 274, 275, 276}
599	134	0.0	{24, 26, 29, 30, 40, 43, 46, 48, 49, 50, 53, 54, 56, 57, 58, 60, 61, 62, 63, 64, 65, 66, 73, 75, 76, 79, 83, 84, 86, 87, 88, 89, 90, 91, 92, 94, 95, 96, 97, 98, 99, 100, 101, 102, 104, 105, 106, 107, 111, 112, 113, 115, 119, 121, 122, 125, 130, 131, 132, 133, 134, 135, 136, 137, 139, 140, 141, 142, 143, 146, 148, 150, 152, 153, 156, 157, 158, 159, 160, 162, 163, 164, 169, 179, 182, 183, 184, 186, 193, 194, 197, 203, 204, 205, 206, 207, 208, 209, 210, 211, 212, 214, 215, 216, 217, 222, 227, 231, 232, 234, 241, 242, 243, 245, 246, 248, 251, 256, 257, 259, 260, 261, 262, 263, 264, 266, 267, 268, 269, 270, 271, 274, 275, 276}
600	80	0.0	{43, 46, 49, 50, 53, 54, 56, 57, 60, 61, 62, 63, 65, 66, 73, 75, 83, 86, 87, 88, 89, 90, 91, 92, 94, 95, 96, 97, 98, 99, 100, 101, 102, 104, 105, 113, 115, 119, 121, 122, 125, 135, 139, 140, 141, 142, 143, 146, 148, 152, 153, 156, 157, 158, 159, 162, 163, 164, 169, 182, 183, 186, 193, 194, 204, 205, 207, 208, 209, 210, 211, 212, 217, 231, 232, 234, 242, 246, 256, 261}
601	9	0.0	{49, 119, 125, 211, 231, 232, 242, 246, 261}
602	8	0.0	{119, 125, 211, 231, 232, 242, 246, 261}
603	10	0.0	{49, 119, 125, 180, 211, 231, 232, 242, 246, 261}
604	10	0.0	{24, 49, 119, 125, 211, 231, 232, 242, 246, 261}
605	7	0.0	{125, 211, 231, 232, 242, 246, 261}
606	128	0.0	{24, 40, 43, 46, 48, 49, 50, 53, 54, 56, 57, 60, 61, 62, 63, 65, 66, 73, 75, 76, 83, 84, 86, 87, 88, 89, 90, 91, 92, 94, 95, 96, 97, 98, 99, 100, 101, 102, 104, 105, 106, 107, 111, 112, 113, 115, 119, 121, 122, 125, 130, 131, 132, 133, 134, 135, 136, 137, 139, 140, 141, 142, 143, 146, 148, 150, 152, 153, 156, 157, 158, 159, 160, 162, 163, 164, 169, 179, 182, 183, 184, 186, 193, 194, 197, 203, 204, 205, 206, 207, 208, 209, 210, 211, 212, 214, 215, 216, 217, 222, 227, 231, 232, 234, 241, 242, 243, 245, 246, 248, 251, 256, 257, 259, 260, 261, 262, 263, 264, 266, 267, 268, 269, 270, 271, 274, 275, 276}
607	6	0.0	{37, 71, 85, 172, 180, 198}
608	5	0.0	{37, 71, 85, 172, 198}
609	4	0.0	{37, 71, 172, 198}
610	4	1.4E-4	{37, 85, 172, 198}
611	3	3.0E-5	{37, 172, 198}
